,DDG,antibody_annotation,antibody_chains,antigen_chains,chain,forward_distance,mutant,position,wild,outcome
1,-1.01,none,HL,A,A,4.851,A,101,K,decreased affinity
2,-1.02,none,HL,A,A,4.851,C,101,K,decreased affinity
3,-0.82,none,HL,A,A,4.851,D,101,K,decreased affinity
4,-0.83,none,HL,A,A,4.851,E,101,K,decreased affinity
5,-0.58,none,HL,A,A,4.851,F,101,K,decreased affinity
6,-1.05,none,HL,A,A,4.851,G,101,K,decreased affinity
7,-0.73,none,HL,A,A,4.851,H,101,K,decreased affinity
8,-0.55,none,HL,A,A,4.851,I,101,K,decreased affinity
9,-0.54,none,HL,A,A,4.851,L,101,K,decreased affinity
10,-1.64,none,HL,A,A,4.851,M,101,K,decreased affinity
11,-0.58,none,HL,A,A,4.851,N,101,K,decreased affinity
12,-0.63,none,HL,A,A,4.851,P,101,K,decreased affinity
13,-0.44,none,HL,A,A,4.851,Q,101,K,decreased affinity
14,1.17,none,HL,A,A,4.851,R,101,K,increased affinity
15,-1.01,none,HL,A,A,4.851,S,101,K,decreased affinity
16,-0.77,none,HL,A,A,4.851,T,101,K,decreased affinity
17,-0.76,none,HL,A,A,4.851,V,101,K,decreased affinity
18,-0.11,none,HL,A,A,4.851,W,101,K,decreased affinity
19,-0.57,none,HL,A,A,4.851,Y,101,K,decreased affinity
20,-0.16,none,HL,A,A,6.619,A,105,Q,decreased affinity
21,-0.5,none,HL,A,A,6.619,C,105,Q,decreased affinity
22,-0.0,none,HL,A,A,6.619,D,105,Q,decreased affinity
23,0.06,none,HL,A,A,6.619,E,105,Q,increased affinity
24,-0.22,none,HL,A,A,6.619,F,105,Q,decreased affinity
25,-0.16,none,HL,A,A,6.619,G,105,Q,decreased affinity
26,-0.47,none,HL,A,A,6.619,H,105,Q,decreased affinity
27,-0.12,none,HL,A,A,6.619,I,105,Q,decreased affinity
28,-0.06,none,HL,A,A,6.619,K,105,Q,decreased affinity
29,-0.13,none,HL,A,A,6.619,L,105,Q,decreased affinity
30,-0.46,none,HL,A,A,6.619,M,105,Q,decreased affinity
31,0.0,none,HL,A,A,6.619,N,105,Q,increased affinity
32,-0.12,none,HL,A,A,6.619,P,105,Q,decreased affinity
33,0.34,none,HL,A,A,6.619,R,105,Q,increased affinity
34,-0.06,none,HL,A,A,6.619,S,105,Q,decreased affinity
35,0.04,none,HL,A,A,6.619,T,105,Q,increased affinity
36,-0.07,none,HL,A,A,6.619,V,105,Q,decreased affinity
37,-0.32,none,HL,A,A,6.619,W,105,Q,decreased affinity
38,-0.19,none,HL,A,A,6.619,Y,105,Q,decreased affinity
39,0.48,none,HL,A,A,3.609,A,106,P,increased affinity
40,0.79,none,HL,A,A,3.609,C,106,P,increased affinity
41,1.41,none,HL,A,A,3.609,D,106,P,increased affinity
42,1.53,none,HL,A,A,3.609,E,106,P,increased affinity
43,0.8,none,HL,A,A,3.609,F,106,P,increased affinity
44,-0.79,none,HL,A,A,3.609,G,106,P,decreased affinity
45,0.93,none,HL,A,A,3.609,H,106,P,increased affinity
46,0.16,none,HL,A,A,3.609,I,106,P,increased affinity
47,0.98,none,HL,A,A,3.609,K,106,P,increased affinity
48,-0.1,none,HL,A,A,3.609,L,106,P,decreased affinity
49,-0.42,none,HL,A,A,3.609,M,106,P,decreased affinity
50,1.12,none,HL,A,A,3.609,N,106,P,increased affinity
51,1.1,none,HL,A,A,3.609,Q,106,P,increased affinity
52,1.36,none,HL,A,A,3.609,R,106,P,increased affinity
53,0.72,none,HL,A,A,3.609,S,106,P,increased affinity
54,0.63,none,HL,A,A,3.609,T,106,P,increased affinity
55,0.66,none,HL,A,A,3.609,V,106,P,increased affinity
56,0.82,none,HL,A,A,3.609,W,106,P,increased affinity
57,0.49,none,HL,A,A,3.609,Y,106,P,increased affinity
58,-0.6,none,HL,A,A,3.567,A,108,E,decreased affinity
59,-1.57,none,HL,A,A,3.567,C,108,E,decreased affinity
60,-0.21,none,HL,A,A,3.567,D,108,E,decreased affinity
61,-1.28,none,HL,A,A,3.567,F,108,E,decreased affinity
62,-1.35,none,HL,A,A,3.567,G,108,E,decreased affinity
63,-1.38,none,HL,A,A,3.567,H,108,E,decreased affinity
64,-1.35,none,HL,A,A,3.567,I,108,E,decreased affinity
65,-1.42,none,HL,A,A,3.567,K,108,E,decreased affinity
66,-1.36,none,HL,A,A,3.567,L,108,E,decreased affinity
67,-1.23,none,HL,A,A,3.567,M,108,E,decreased affinity
68,-1.32,none,HL,A,A,3.567,N,108,E,decreased affinity
69,-1.12,none,HL,A,A,3.567,P,108,E,decreased affinity
70,-1.18,none,HL,A,A,3.567,Q,108,E,decreased affinity
71,-2.15,none,HL,A,A,3.567,R,108,E,decreased affinity
72,-1.16,none,HL,A,A,3.567,S,108,E,decreased affinity
73,-0.69,none,HL,A,A,3.567,T,108,E,decreased affinity
74,-1.48,none,HL,A,A,3.567,V,108,E,decreased affinity
75,-0.96,none,HL,A,A,3.567,W,108,E,decreased affinity
76,-1.08,none,HL,A,A,3.567,Y,108,E,decreased affinity
77,-0.6,none,HL,A,A,5.583,A,11,K,decreased affinity
78,-1.2,none,HL,A,A,5.583,C,11,K,decreased affinity
79,-0.6,none,HL,A,A,5.583,D,11,K,decreased affinity
80,-0.46,none,HL,A,A,5.583,E,11,K,decreased affinity
81,-0.9,none,HL,A,A,5.583,F,11,K,decreased affinity
82,-0.98,none,HL,A,A,5.583,G,11,K,decreased affinity
83,-0.64,none,HL,A,A,5.583,H,11,K,decreased affinity
84,-0.75,none,HL,A,A,5.583,I,11,K,decreased affinity
85,-0.71,none,HL,A,A,5.583,L,11,K,decreased affinity
86,-1.21,none,HL,A,A,5.583,M,11,K,decreased affinity
87,-0.6,none,HL,A,A,5.583,N,11,K,decreased affinity
88,-0.71,none,HL,A,A,5.583,P,11,K,decreased affinity
89,-0.74,none,HL,A,A,5.583,Q,11,K,decreased affinity
90,-0.72,none,HL,A,A,5.583,R,11,K,decreased affinity
91,-0.81,none,HL,A,A,5.583,S,11,K,decreased affinity
92,-0.66,none,HL,A,A,5.583,T,11,K,decreased affinity
93,-0.72,none,HL,A,A,5.583,V,11,K,decreased affinity
94,-0.69,none,HL,A,A,5.583,W,11,K,decreased affinity
95,-0.62,none,HL,A,A,5.583,Y,11,K,decreased affinity
96,-2.94,none,HL,A,A,3.917,A,14,L,decreased affinity
97,-0.78,none,HL,A,A,3.917,C,14,L,decreased affinity
98,0.09,none,HL,A,A,3.917,D,14,L,increased affinity
99,0.62,none,HL,A,A,3.917,E,14,L,increased affinity
100,2.61,none,HL,A,A,3.917,F,14,L,increased affinity
101,-2.85,none,HL,A,A,3.917,G,14,L,decreased affinity
102,-0.47,none,HL,A,A,3.917,H,14,L,decreased affinity
103,-2.22,none,HL,A,A,3.917,I,14,L,decreased affinity
104,0.7,none,HL,A,A,3.917,K,14,L,increased affinity
105,-1.84,none,HL,A,A,3.917,M,14,L,decreased affinity
106,0.28,none,HL,A,A,3.917,N,14,L,increased affinity
107,-1.91,none,HL,A,A,3.917,P,14,L,decreased affinity
108,-0.02,none,HL,A,A,3.917,Q,14,L,decreased affinity
109,0.79,none,HL,A,A,3.917,R,14,L,increased affinity
110,-0.44,none,HL,A,A,3.917,S,14,L,decreased affinity
111,-0.07,none,HL,A,A,3.917,T,14,L,decreased affinity
112,-2.23,none,HL,A,A,3.917,V,14,L,decreased affinity
113,2.26,none,HL,A,A,3.917,W,14,L,increased affinity
114,2.52,none,HL,A,A,3.917,Y,14,L,increased affinity
115,-0.76,none,HL,A,A,6.24,A,143,E,decreased affinity
116,-0.87,none,HL,A,A,6.24,C,143,E,decreased affinity
117,0.36,none,HL,A,A,6.24,D,143,E,increased affinity
118,-0.78,none,HL,A,A,6.24,F,143,E,decreased affinity
119,-0.82,none,HL,A,A,6.24,G,143,E,decreased affinity
120,-0.94,none,HL,A,A,6.24,H,143,E,decreased affinity
121,-0.55,none,HL,A,A,6.24,I,143,E,decreased affinity
122,-0.63,none,HL,A,A,6.24,K,143,E,decreased affinity
123,-0.61,none,HL,A,A,6.24,L,143,E,decreased affinity
124,-0.69,none,HL,A,A,6.24,M,143,E,decreased affinity
125,-0.51,none,HL,A,A,6.24,N,143,E,decreased affinity
126,-0.72,none,HL,A,A,6.24,P,143,E,decreased affinity
127,0.0,none,HL,A,A,6.24,Q,143,E,increased affinity
128,-1.35,none,HL,A,A,6.24,R,143,E,decreased affinity
129,-0.57,none,HL,A,A,6.24,S,143,E,decreased affinity
130,-0.67,none,HL,A,A,6.24,T,143,E,decreased affinity
131,-0.62,none,HL,A,A,6.24,V,143,E,decreased affinity
132,-0.51,none,HL,A,A,6.24,W,143,E,decreased affinity
133,-0.38,none,HL,A,A,6.24,Y,143,E,decreased affinity
134,-3.92,none,HL,A,A,2.921,A,145,E,decreased affinity
135,-3.63,none,HL,A,A,2.921,C,145,E,decreased affinity
136,-2.66,none,HL,A,A,2.921,D,145,E,decreased affinity
137,-3.2,none,HL,A,A,2.921,F,145,E,decreased affinity
138,-4.66,none,HL,A,A,2.921,G,145,E,decreased affinity
139,-3.48,none,HL,A,A,2.921,H,145,E,decreased affinity
140,-3.23,none,HL,A,A,2.921,I,145,E,decreased affinity
141,-1.11,none,HL,A,A,2.921,K,145,E,decreased affinity
142,-2.34,none,HL,A,A,2.921,L,145,E,decreased affinity
143,-2.7,none,HL,A,A,2.921,M,145,E,decreased affinity
144,-1.05,none,HL,A,A,2.921,N,145,E,decreased affinity
145,-3.07,none,HL,A,A,2.921,P,145,E,decreased affinity
146,-0.7,none,HL,A,A,2.921,Q,145,E,decreased affinity
147,-3.49,none,HL,A,A,2.921,R,145,E,decreased affinity
148,-2.97,none,HL,A,A,2.921,S,145,E,decreased affinity
149,-1.74,none,HL,A,A,2.921,T,145,E,decreased affinity
150,-3.29,none,HL,A,A,2.921,V,145,E,decreased affinity
151,-2.76,none,HL,A,A,2.921,W,145,E,decreased affinity
152,-2.37,none,HL,A,A,2.921,Y,145,E,decreased affinity
153,-1.52,none,HL,A,A,3.894,A,146,S,decreased affinity
154,-1.29,none,HL,A,A,3.894,C,146,S,decreased affinity
155,-1.21,none,HL,A,A,3.894,D,146,S,decreased affinity
156,-0.42,none,HL,A,A,3.894,E,146,S,decreased affinity
157,-1.49,none,HL,A,A,3.894,F,146,S,decreased affinity
158,-1.52,none,HL,A,A,3.894,G,146,S,decreased affinity
159,1.37,none,HL,A,A,3.894,H,146,S,increased affinity
160,-1.96,none,HL,A,A,3.894,I,146,S,decreased affinity
161,-0.44,none,HL,A,A,3.894,K,146,S,decreased affinity
162,-2.28,none,HL,A,A,3.894,L,146,S,decreased affinity
163,-1.77,none,HL,A,A,3.894,M,146,S,decreased affinity
164,-1.0,none,HL,A,A,3.894,N,146,S,decreased affinity
165,-2.13,none,HL,A,A,3.894,P,146,S,decreased affinity
166,1.31,none,HL,A,A,3.894,Q,146,S,increased affinity
167,-0.08,none,HL,A,A,3.894,R,146,S,decreased affinity
168,-1.25,none,HL,A,A,3.894,T,146,S,decreased affinity
169,-1.68,none,HL,A,A,3.894,V,146,S,decreased affinity
170,1.52,none,HL,A,A,3.894,W,146,S,increased affinity
171,-1.61,none,HL,A,A,3.894,Y,146,S,decreased affinity
172,-0.46,none,HL,A,A,3.279,A,147,N,decreased affinity
173,-0.94,none,HL,A,A,3.279,C,147,N,decreased affinity
174,0.41,none,HL,A,A,3.279,D,147,N,increased affinity
175,-0.1,none,HL,A,A,3.279,E,147,N,decreased affinity
176,-0.43,none,HL,A,A,3.279,F,147,N,decreased affinity
177,-0.45,none,HL,A,A,3.279,G,147,N,decreased affinity
178,-0.48,none,HL,A,A,3.279,H,147,N,decreased affinity
179,-0.42,none,HL,A,A,3.279,I,147,N,decreased affinity
180,-0.21,none,HL,A,A,3.279,K,147,N,decreased affinity
181,-0.47,none,HL,A,A,3.279,L,147,N,decreased affinity
182,-0.72,none,HL,A,A,3.279,M,147,N,decreased affinity
183,-0.44,none,HL,A,A,3.279,P,147,N,decreased affinity
184,-0.27,none,HL,A,A,3.279,Q,147,N,decreased affinity
185,-0.02,none,HL,A,A,3.279,R,147,N,decreased affinity
186,-0.38,none,HL,A,A,3.279,S,147,N,decreased affinity
187,-0.37,none,HL,A,A,3.279,T,147,N,decreased affinity
188,-0.51,none,HL,A,A,3.279,V,147,N,decreased affinity
189,-0.39,none,HL,A,A,3.279,W,147,N,decreased affinity
190,-0.36,none,HL,A,A,3.279,Y,147,N,decreased affinity
191,0.15,none,HL,A,A,3.359,A,148,G,increased affinity
192,0.87,none,HL,A,A,3.359,C,148,G,increased affinity
193,1.81,none,HL,A,A,3.359,D,148,G,increased affinity
194,1.15,none,HL,A,A,3.359,E,148,G,increased affinity
195,0.07,none,HL,A,A,3.359,F,148,G,increased affinity
196,0.4,none,HL,A,A,3.359,H,148,G,increased affinity
197,-0.09,none,HL,A,A,3.359,I,148,G,decreased affinity
198,1.15,none,HL,A,A,3.359,K,148,G,increased affinity
199,0.23,none,HL,A,A,3.359,L,148,G,increased affinity
200,0.55,none,HL,A,A,3.359,M,148,G,increased affinity
201,0.81,none,HL,A,A,3.359,N,148,G,increased affinity
202,-0.46,none,HL,A,A,3.359,P,148,G,decreased affinity
203,0.8,none,HL,A,A,3.359,Q,148,G,increased affinity
204,0.95,none,HL,A,A,3.359,R,148,G,increased affinity
205,1.06,none,HL,A,A,3.359,S,148,G,increased affinity
206,1.1,none,HL,A,A,3.359,T,148,G,increased affinity
207,0.28,none,HL,A,A,3.359,V,148,G,increased affinity
208,-0.11,none,HL,A,A,3.359,W,148,G,decreased affinity
209,0.15,none,HL,A,A,3.359,Y,148,G,increased affinity
210,-0.26,none,HL,A,A,4.95,A,149,Q,decreased affinity
211,-0.54,none,HL,A,A,4.95,C,149,Q,decreased affinity
212,0.01,none,HL,A,A,4.95,D,149,Q,increased affinity
213,0.2,none,HL,A,A,4.95,E,149,Q,increased affinity
214,-0.41,none,HL,A,A,4.95,F,149,Q,decreased affinity
215,-0.24,none,HL,A,A,4.95,G,149,Q,decreased affinity
216,-0.13,none,HL,A,A,4.95,H,149,Q,decreased affinity
217,-0.2,none,HL,A,A,4.95,I,149,Q,decreased affinity
218,0.12,none,HL,A,A,4.95,K,149,Q,increased affinity
219,-0.23,none,HL,A,A,4.95,L,149,Q,decreased affinity
220,-0.61,none,HL,A,A,4.95,M,149,Q,decreased affinity
221,-0.03,none,HL,A,A,4.95,N,149,Q,decreased affinity
222,-0.17,none,HL,A,A,4.95,P,149,Q,decreased affinity
223,-0.33,none,HL,A,A,4.95,R,149,Q,decreased affinity
224,-0.14,none,HL,A,A,4.95,S,149,Q,decreased affinity
225,-0.05,none,HL,A,A,4.95,T,149,Q,decreased affinity
226,-0.16,none,HL,A,A,4.95,V,149,Q,decreased affinity
227,-0.37,none,HL,A,A,4.95,W,149,Q,decreased affinity
228,-0.39,none,HL,A,A,4.95,Y,149,Q,decreased affinity
229,-1.59,none,HL,A,A,3.492,A,15,M,decreased affinity
230,-0.24,none,HL,A,A,3.492,C,15,M,decreased affinity
231,0.45,none,HL,A,A,3.492,D,15,M,increased affinity
232,1.18,none,HL,A,A,3.492,E,15,M,increased affinity
233,0.69,none,HL,A,A,3.492,F,15,M,increased affinity
234,-1.65,none,HL,A,A,3.492,G,15,M,decreased affinity
235,-0.89,none,HL,A,A,3.492,H,15,M,decreased affinity
236,-0.84,none,HL,A,A,3.492,I,15,M,decreased affinity
237,0.52,none,HL,A,A,3.492,K,15,M,increased affinity
238,0.28,none,HL,A,A,3.492,L,15,M,increased affinity
239,0.19,none,HL,A,A,3.492,N,15,M,increased affinity
240,-0.96,none,HL,A,A,3.492,P,15,M,decreased affinity
241,0.37,none,HL,A,A,3.492,Q,15,M,increased affinity
242,0.84,none,HL,A,A,3.492,R,15,M,increased affinity
243,0.55,none,HL,A,A,3.492,S,15,M,increased affinity
244,1.31,none,HL,A,A,3.492,T,15,M,increased affinity
245,-0.96,none,HL,A,A,3.492,V,15,M,decreased affinity
246,0.19,none,HL,A,A,3.492,W,15,M,increased affinity
247,0.19,none,HL,A,A,3.492,Y,15,M,increased affinity
248,-0.34,none,HL,A,A,5.111,A,150,P,decreased affinity
249,0.14,none,HL,A,A,5.111,C,150,P,increased affinity
250,0.11,none,HL,A,A,5.111,D,150,P,increased affinity
251,0.16,none,HL,A,A,5.111,E,150,P,increased affinity
252,0.18,none,HL,A,A,5.111,F,150,P,increased affinity
253,-0.45,none,HL,A,A,5.111,G,150,P,decreased affinity
254,0.19,none,HL,A,A,5.111,H,150,P,increased affinity
255,-0.34,none,HL,A,A,5.111,I,150,P,decreased affinity
256,0.74,none,HL,A,A,5.111,K,150,P,increased affinity
257,0.22,none,HL,A,A,5.111,L,150,P,increased affinity
258,-0.31,none,HL,A,A,5.111,M,150,P,decreased affinity
259,-0.01,none,HL,A,A,5.111,N,150,P,decreased affinity
260,0.18,none,HL,A,A,5.111,Q,150,P,increased affinity
261,0.56,none,HL,A,A,5.111,R,150,P,increased affinity
262,0.34,none,HL,A,A,5.111,S,150,P,increased affinity
263,0.28,none,HL,A,A,5.111,T,150,P,increased affinity
264,-0.29,none,HL,A,A,5.111,V,150,P,decreased affinity
265,0.06,none,HL,A,A,5.111,W,150,P,increased affinity
266,0.34,none,HL,A,A,5.111,Y,150,P,increased affinity
267,-1.05,none,HL,A,A,3.141,A,16,I,decreased affinity
268,0.03,none,HL,A,A,3.141,C,16,I,increased affinity
269,1.11,none,HL,A,A,3.141,D,16,I,increased affinity
270,0.74,none,HL,A,A,3.141,E,16,I,increased affinity
271,1.62,none,HL,A,A,3.141,F,16,I,increased affinity
272,-1.57,none,HL,A,A,3.141,G,16,I,decreased affinity
273,-1.44,none,HL,A,A,3.141,H,16,I,decreased affinity
274,0.07,none,HL,A,A,3.141,K,16,I,increased affinity
275,-0.33,none,HL,A,A,3.141,L,16,I,decreased affinity
276,-0.78,none,HL,A,A,3.141,M,16,I,decreased affinity
277,0.51,none,HL,A,A,3.141,N,16,I,increased affinity
278,-1.9,none,HL,A,A,3.141,P,16,I,decreased affinity
279,0.19,none,HL,A,A,3.141,Q,16,I,increased affinity
280,-0.13,none,HL,A,A,3.141,R,16,I,decreased affinity
281,0.26,none,HL,A,A,3.141,S,16,I,increased affinity
282,-0.08,none,HL,A,A,3.141,T,16,I,decreased affinity
283,0.76,none,HL,A,A,3.141,V,16,I,increased affinity
284,0.32,none,HL,A,A,3.141,W,16,I,increased affinity
285,-0.43,none,HL,A,A,3.141,Y,16,I,decreased affinity
286,-0.46,none,HL,A,A,4.59,A,17,S,decreased affinity
287,-0.5,none,HL,A,A,4.59,C,17,S,decreased affinity
288,-0.05,none,HL,A,A,4.59,D,17,S,decreased affinity
289,-0.06,none,HL,A,A,4.59,E,17,S,decreased affinity
290,-0.28,none,HL,A,A,4.59,F,17,S,decreased affinity
291,-0.46,none,HL,A,A,4.59,G,17,S,decreased affinity
292,-0.22,none,HL,A,A,4.59,H,17,S,decreased affinity
293,-0.24,none,HL,A,A,4.59,I,17,S,decreased affinity
294,-0.41,none,HL,A,A,4.59,K,17,S,decreased affinity
295,-0.36,none,HL,A,A,4.59,L,17,S,decreased affinity
296,-0.55,none,HL,A,A,4.59,M,17,S,decreased affinity
297,-0.19,none,HL,A,A,4.59,N,17,S,decreased affinity
298,-0.28,none,HL,A,A,4.59,P,17,S,decreased affinity
299,-0.01,none,HL,A,A,4.59,Q,17,S,decreased affinity
300,0.19,none,HL,A,A,4.59,R,17,S,increased affinity
301,0.86,none,HL,A,A,4.59,T,17,S,increased affinity
302,-0.48,none,HL,A,A,4.59,V,17,S,decreased affinity
303,-0.21,none,HL,A,A,4.59,W,17,S,decreased affinity
304,-0.24,none,HL,A,A,4.59,Y,17,S,decreased affinity
305,-0.79,none,HL,A,A,6.403,A,184,N,decreased affinity
306,-1.06,none,HL,A,A,6.403,C,184,N,decreased affinity
307,0.01,none,HL,A,A,6.403,D,184,N,increased affinity
308,-0.22,none,HL,A,A,6.403,E,184,N,decreased affinity
309,-0.2,none,HL,A,A,6.403,F,184,N,decreased affinity
310,-0.83,none,HL,A,A,6.403,G,184,N,decreased affinity
311,-0.41,none,HL,A,A,6.403,H,184,N,decreased affinity
312,-0.29,none,HL,A,A,6.403,I,184,N,decreased affinity
313,-0.37,none,HL,A,A,6.403,K,184,N,decreased affinity
314,-0.38,none,HL,A,A,6.403,L,184,N,decreased affinity
315,-0.75,none,HL,A,A,6.403,M,184,N,decreased affinity
316,0.1,none,HL,A,A,6.403,P,184,N,increased affinity
317,-0.41,none,HL,A,A,6.403,Q,184,N,decreased affinity
318,0.14,none,HL,A,A,6.403,R,184,N,increased affinity
319,-0.45,none,HL,A,A,6.403,S,184,N,decreased affinity
320,-0.65,none,HL,A,A,6.403,T,184,N,decreased affinity
321,-0.51,none,HL,A,A,6.403,V,184,N,decreased affinity
322,-0.3,none,HL,A,A,6.403,W,184,N,decreased affinity
323,-0.02,none,HL,A,A,6.403,Y,184,N,decreased affinity
324,-1.45,none,HL,A,A,3.264,A,185,V,decreased affinity
325,0.56,none,HL,A,A,3.264,C,185,V,increased affinity
326,0.22,none,HL,A,A,3.264,D,185,V,increased affinity
327,0.49,none,HL,A,A,3.264,E,185,V,increased affinity
328,-0.38,none,HL,A,A,3.264,F,185,V,decreased affinity
329,-1.43,none,HL,A,A,3.264,G,185,V,decreased affinity
330,0.24,none,HL,A,A,3.264,H,185,V,increased affinity
331,-0.66,none,HL,A,A,3.264,I,185,V,decreased affinity
332,-0.66,none,HL,A,A,3.264,K,185,V,decreased affinity
333,-0.77,none,HL,A,A,3.264,L,185,V,decreased affinity
334,-0.85,none,HL,A,A,3.264,M,185,V,decreased affinity
335,0.39,none,HL,A,A,3.264,N,185,V,increased affinity
336,-0.61,none,HL,A,A,3.264,P,185,V,decreased affinity
337,0.43,none,HL,A,A,3.264,Q,185,V,increased affinity
338,-0.49,none,HL,A,A,3.264,R,185,V,decreased affinity
339,0.78,none,HL,A,A,3.264,S,185,V,increased affinity
340,0.78,none,HL,A,A,3.264,T,185,V,increased affinity
341,-0.1,none,HL,A,A,3.264,W,185,V,decreased affinity
342,-0.69,none,HL,A,A,3.264,Y,185,V,decreased affinity
343,-2.35,none,HL,A,A,6.355,A,186,F,decreased affinity
344,-0.8,none,HL,A,A,6.355,C,186,F,decreased affinity
345,-0.36,none,HL,A,A,6.355,D,186,F,decreased affinity
346,-0.9,none,HL,A,A,6.355,E,186,F,decreased affinity
347,-2.37,none,HL,A,A,6.355,G,186,F,decreased affinity
348,-0.95,none,HL,A,A,6.355,H,186,F,decreased affinity
349,-2.32,none,HL,A,A,6.355,I,186,F,decreased affinity
350,-0.27,none,HL,A,A,6.355,K,186,F,decreased affinity
351,-2.36,none,HL,A,A,6.355,L,186,F,decreased affinity
352,-2.56,none,HL,A,A,6.355,M,186,F,decreased affinity
353,-0.23,none,HL,A,A,6.355,N,186,F,decreased affinity
354,-2.2,none,HL,A,A,6.355,P,186,F,decreased affinity
355,-0.5,none,HL,A,A,6.355,Q,186,F,decreased affinity
356,0.49,none,HL,A,A,6.355,R,186,F,increased affinity
357,-0.6,none,HL,A,A,6.355,S,186,F,decreased affinity
358,-1.25,none,HL,A,A,6.355,T,186,F,decreased affinity
359,-2.35,none,HL,A,A,6.355,V,186,F,decreased affinity
360,0.68,none,HL,A,A,6.355,W,186,F,increased affinity
361,1.4,none,HL,A,A,6.355,Y,186,F,increased affinity
362,-2.22,none,HL,A,A,3.882,A,187,S,decreased affinity
363,-1.37,none,HL,A,A,3.882,C,187,S,decreased affinity
364,-1.39,none,HL,A,A,3.882,D,187,S,decreased affinity
365,-0.57,none,HL,A,A,3.882,E,187,S,decreased affinity
366,-1.09,none,HL,A,A,3.882,F,187,S,decreased affinity
367,-2.1,none,HL,A,A,3.882,G,187,S,decreased affinity
368,-1.05,none,HL,A,A,3.882,H,187,S,decreased affinity
369,-2.38,none,HL,A,A,3.882,I,187,S,decreased affinity
370,1.1,none,HL,A,A,3.882,K,187,S,increased affinity
371,-3.24,none,HL,A,A,3.882,L,187,S,decreased affinity
372,-3.2,none,HL,A,A,3.882,M,187,S,decreased affinity
373,1.46,none,HL,A,A,3.882,N,187,S,increased affinity
374,-3.16,none,HL,A,A,3.882,P,187,S,decreased affinity
375,1.27,none,HL,A,A,3.882,Q,187,S,increased affinity
376,2.1,none,HL,A,A,3.882,R,187,S,increased affinity
377,1.76,none,HL,A,A,3.882,T,187,S,increased affinity
378,-3.19,none,HL,A,A,3.882,V,187,S,decreased affinity
379,0.23,none,HL,A,A,3.882,W,187,S,increased affinity
380,0.85,none,HL,A,A,3.882,Y,187,S,increased affinity
381,-2.08,none,HL,A,A,2.915,A,189,S,decreased affinity
382,-1.83,none,HL,A,A,2.915,C,189,S,decreased affinity
383,-0.86,none,HL,A,A,2.915,D,189,S,decreased affinity
384,1.26,none,HL,A,A,2.915,E,189,S,increased affinity
385,-0.22,none,HL,A,A,2.915,F,189,S,decreased affinity
386,-2.28,none,HL,A,A,2.915,G,189,S,decreased affinity
387,0.04,none,HL,A,A,2.915,H,189,S,increased affinity
388,-1.79,none,HL,A,A,2.915,I,189,S,decreased affinity
389,-0.2,none,HL,A,A,2.915,K,189,S,decreased affinity
390,-1.71,none,HL,A,A,2.915,L,189,S,decreased affinity
391,-1.06,none,HL,A,A,2.915,M,189,S,decreased affinity
392,-0.77,none,HL,A,A,2.915,N,189,S,decreased affinity
393,-2.09,none,HL,A,A,2.915,P,189,S,decreased affinity
394,1.49,none,HL,A,A,2.915,Q,189,S,increased affinity
395,1.52,none,HL,A,A,2.915,R,189,S,increased affinity
396,-1.51,none,HL,A,A,2.915,T,189,S,decreased affinity
397,-1.8,none,HL,A,A,2.915,V,189,S,decreased affinity
398,0.67,none,HL,A,A,2.915,W,189,S,increased affinity
399,0.44,none,HL,A,A,2.915,Y,189,S,increased affinity
400,-1.27,none,HL,A,A,3.867,A,191,M,decreased affinity
401,-0.65,none,HL,A,A,3.867,C,191,M,decreased affinity
402,-0.11,none,HL,A,A,3.867,D,191,M,decreased affinity
403,0.11,none,HL,A,A,3.867,E,191,M,increased affinity
404,-0.43,none,HL,A,A,3.867,F,191,M,decreased affinity
405,-1.38,none,HL,A,A,3.867,G,191,M,decreased affinity
406,-0.44,none,HL,A,A,3.867,H,191,M,decreased affinity
407,-1.06,none,HL,A,A,3.867,I,191,M,decreased affinity
408,1.3,none,HL,A,A,3.867,K,191,M,increased affinity
409,-1.4,none,HL,A,A,3.867,L,191,M,decreased affinity
410,0.7,none,HL,A,A,3.867,N,191,M,increased affinity
411,-1.31,none,HL,A,A,3.867,P,191,M,decreased affinity
412,0.63,none,HL,A,A,3.867,Q,191,M,increased affinity
413,0.5,none,HL,A,A,3.867,R,191,M,increased affinity
414,-0.27,none,HL,A,A,3.867,S,191,M,decreased affinity
415,0.5,none,HL,A,A,3.867,T,191,M,increased affinity
416,-1.24,none,HL,A,A,3.867,V,191,M,decreased affinity
417,0.33,none,HL,A,A,3.867,W,191,M,increased affinity
418,1.98,none,HL,A,A,3.867,Y,191,M,increased affinity
419,-2.7,none,HL,A,A,3.445,A,193,E,decreased affinity
420,-2.59,none,HL,A,A,3.445,C,193,E,decreased affinity
421,-1.12,none,HL,A,A,3.445,D,193,E,decreased affinity
422,-2.07,none,HL,A,A,3.445,F,193,E,decreased affinity
423,-2.76,none,HL,A,A,3.445,G,193,E,decreased affinity
424,-2.23,none,HL,A,A,3.445,H,193,E,decreased affinity
425,-2.35,none,HL,A,A,3.445,I,193,E,decreased affinity
426,-1.8,none,HL,A,A,3.445,K,193,E,decreased affinity
427,-2.31,none,HL,A,A,3.445,L,193,E,decreased affinity
428,-2.87,none,HL,A,A,3.445,M,193,E,decreased affinity
429,-1.78,none,HL,A,A,3.445,N,193,E,decreased affinity
430,-2.38,none,HL,A,A,3.445,P,193,E,decreased affinity
431,-0.83,none,HL,A,A,3.445,Q,193,E,decreased affinity
432,-0.86,none,HL,A,A,3.445,R,193,E,decreased affinity
433,-2.01,none,HL,A,A,3.445,S,193,E,decreased affinity
434,-2.02,none,HL,A,A,3.445,T,193,E,decreased affinity
435,-2.24,none,HL,A,A,3.445,V,193,E,decreased affinity
436,-0.51,none,HL,A,A,3.445,W,193,E,decreased affinity
437,-1.55,none,HL,A,A,3.445,Y,193,E,decreased affinity
438,0.65,none,HL,A,A,4.35,C,194,A,increased affinity
439,1.74,none,HL,A,A,4.35,D,194,A,increased affinity
440,2.32,none,HL,A,A,4.35,E,194,A,increased affinity
441,0.84,none,HL,A,A,4.35,F,194,A,increased affinity
442,1.06,none,HL,A,A,4.35,G,194,A,increased affinity
443,1.8,none,HL,A,A,4.35,H,194,A,increased affinity
444,0.92,none,HL,A,A,4.35,I,194,A,increased affinity
445,1.66,none,HL,A,A,4.35,K,194,A,increased affinity
446,0.78,none,HL,A,A,4.35,L,194,A,increased affinity
447,1.25,none,HL,A,A,4.35,M,194,A,increased affinity
448,2.04,none,HL,A,A,4.35,N,194,A,increased affinity
449,-0.32,none,HL,A,A,4.35,P,194,A,decreased affinity
450,0.69,none,HL,A,A,4.35,Q,194,A,increased affinity
451,1.53,none,HL,A,A,4.35,R,194,A,increased affinity
452,1.52,none,HL,A,A,4.35,S,194,A,increased affinity
453,1.75,none,HL,A,A,4.35,T,194,A,increased affinity
454,0.59,none,HL,A,A,4.35,V,194,A,increased affinity
455,0.63,none,HL,A,A,4.35,W,194,A,increased affinity
456,1.86,none,HL,A,A,4.35,Y,194,A,increased affinity
457,-2.66,none,HL,A,A,3.04,A,195,L,decreased affinity
458,-0.83,none,HL,A,A,3.04,C,195,L,decreased affinity
459,0.76,none,HL,A,A,3.04,D,195,L,increased affinity
460,0.01,none,HL,A,A,3.04,E,195,L,increased affinity
461,0.9,none,HL,A,A,3.04,F,195,L,increased affinity
462,-2.8,none,HL,A,A,3.04,G,195,L,decreased affinity
463,-1.96,none,HL,A,A,3.04,H,195,L,decreased affinity
464,0.46,none,HL,A,A,3.04,I,195,L,increased affinity
465,-0.21,none,HL,A,A,3.04,K,195,L,decreased affinity
466,-1.03,none,HL,A,A,3.04,M,195,L,decreased affinity
467,0.76,none,HL,A,A,3.04,N,195,L,increased affinity
468,-1.12,none,HL,A,A,3.04,P,195,L,decreased affinity
469,1.15,none,HL,A,A,3.04,Q,195,L,increased affinity
470,0.35,none,HL,A,A,3.04,R,195,L,increased affinity
471,-0.5,none,HL,A,A,3.04,S,195,L,decreased affinity
472,-0.13,none,HL,A,A,3.04,T,195,L,decreased affinity
473,-1.66,none,HL,A,A,3.04,V,195,L,decreased affinity
474,0.98,none,HL,A,A,3.04,W,195,L,increased affinity
475,0.92,none,HL,A,A,3.04,Y,195,L,increased affinity
476,-3.34,none,HL,A,A,2.845,A,196,H,decreased affinity
477,-2.15,none,HL,A,A,2.845,C,196,H,decreased affinity
478,-1.99,none,HL,A,A,2.845,D,196,H,decreased affinity
479,-1.8,none,HL,A,A,2.845,E,196,H,decreased affinity
480,-0.75,none,HL,A,A,2.845,F,196,H,decreased affinity
481,-3.74,none,HL,A,A,2.845,G,196,H,decreased affinity
482,-2.27,none,HL,A,A,2.845,I,196,H,decreased affinity
483,-0.46,none,HL,A,A,2.845,K,196,H,decreased affinity
484,-2.02,none,HL,A,A,2.845,L,196,H,decreased affinity
485,-1.93,none,HL,A,A,2.845,M,196,H,decreased affinity
486,0.6,none,HL,A,A,2.845,N,196,H,increased affinity
487,0.46,none,HL,A,A,2.845,P,196,H,increased affinity
488,0.01,none,HL,A,A,2.845,Q,196,H,increased affinity
489,-0.21,none,HL,A,A,2.845,R,196,H,decreased affinity
490,-2.11,none,HL,A,A,2.845,S,196,H,decreased affinity
491,-2.4,none,HL,A,A,2.845,T,196,H,decreased affinity
492,-2.18,none,HL,A,A,2.845,V,196,H,decreased affinity
493,0.26,none,HL,A,A,2.845,W,196,H,increased affinity
494,-0.52,none,HL,A,A,2.845,Y,196,H,decreased affinity
495,-2.62,none,HL,A,A,3.131,A,197,N,decreased affinity
496,-1.95,none,HL,A,A,3.131,C,197,N,decreased affinity
497,-0.66,none,HL,A,A,3.131,D,197,N,decreased affinity
498,0.54,none,HL,A,A,3.131,E,197,N,increased affinity
499,-2.01,none,HL,A,A,3.131,F,197,N,decreased affinity
500,-2.97,none,HL,A,A,3.131,G,197,N,decreased affinity
501,0.98,none,HL,A,A,3.131,H,197,N,increased affinity
502,-1.81,none,HL,A,A,3.131,I,197,N,decreased affinity
503,-2.5,none,HL,A,A,3.131,K,197,N,decreased affinity
504,-1.12,none,HL,A,A,3.131,L,197,N,decreased affinity
505,-0.88,none,HL,A,A,3.131,M,197,N,decreased affinity
506,-2.2,none,HL,A,A,3.131,P,197,N,decreased affinity
507,-0.86,none,HL,A,A,3.131,Q,197,N,decreased affinity
508,-1.46,none,HL,A,A,3.131,R,197,N,decreased affinity
509,-1.61,none,HL,A,A,3.131,S,197,N,decreased affinity
510,-1.97,none,HL,A,A,3.131,T,197,N,decreased affinity
511,-1.66,none,HL,A,A,3.131,V,197,N,decreased affinity
512,-0.23,none,HL,A,A,3.131,W,197,N,decreased affinity
513,0.94,none,HL,A,A,3.131,Y,197,N,increased affinity
514,-1.38,none,HL,A,A,3.561,A,198,H,decreased affinity
515,-0.18,none,HL,A,A,3.561,C,198,H,decreased affinity
516,0.43,none,HL,A,A,3.561,D,198,H,increased affinity
517,-0.13,none,HL,A,A,3.561,E,198,H,decreased affinity
518,-1.89,none,HL,A,A,3.561,F,198,H,decreased affinity
519,-1.59,none,HL,A,A,3.561,G,198,H,decreased affinity
520,-1.66,none,HL,A,A,3.561,I,198,H,decreased affinity
521,-0.16,none,HL,A,A,3.561,K,198,H,decreased affinity
522,-1.33,none,HL,A,A,3.561,L,198,H,decreased affinity
523,0.54,none,HL,A,A,3.561,M,198,H,increased affinity
524,1.66,none,HL,A,A,3.561,N,198,H,increased affinity
525,-0.75,none,HL,A,A,3.561,P,198,H,decreased affinity
526,1.28,none,HL,A,A,3.561,Q,198,H,increased affinity
527,2.34,none,HL,A,A,3.561,R,198,H,increased affinity
528,-0.24,none,HL,A,A,3.561,S,198,H,decreased affinity
529,-0.22,none,HL,A,A,3.561,T,198,H,decreased affinity
530,-1.32,none,HL,A,A,3.561,V,198,H,decreased affinity
531,-0.51,none,HL,A,A,3.561,W,198,H,decreased affinity
532,-1.0,none,HL,A,A,3.561,Y,198,H,decreased affinity
533,-3.18,none,HL,A,A,2.666,A,199,Y,decreased affinity
534,-2.14,none,HL,A,A,2.666,C,199,Y,decreased affinity
535,-2.24,none,HL,A,A,2.666,D,199,Y,decreased affinity
536,-1.74,none,HL,A,A,2.666,E,199,Y,decreased affinity
537,-0.04,none,HL,A,A,2.666,F,199,Y,decreased affinity
538,-3.49,none,HL,A,A,2.666,G,199,Y,decreased affinity
539,2.02,none,HL,A,A,2.666,H,199,Y,increased affinity
540,-2.7,none,HL,A,A,2.666,I,199,Y,decreased affinity
541,-0.66,none,HL,A,A,2.666,K,199,Y,decreased affinity
542,-2.19,none,HL,A,A,2.666,L,199,Y,decreased affinity
543,-2.39,none,HL,A,A,2.666,M,199,Y,decreased affinity
544,-1.85,none,HL,A,A,2.666,N,199,Y,decreased affinity
545,-2.77,none,HL,A,A,2.666,P,199,Y,decreased affinity
546,-1.26,none,HL,A,A,2.666,Q,199,Y,decreased affinity
547,0.85,none,HL,A,A,2.666,R,199,Y,increased affinity
548,-2.0,none,HL,A,A,2.666,S,199,Y,decreased affinity
549,-0.82,none,HL,A,A,2.666,T,199,Y,decreased affinity
550,-1.18,none,HL,A,A,2.666,V,199,Y,decreased affinity
551,-0.13,none,HL,A,A,2.666,W,199,Y,decreased affinity
552,-1.73,none,HL,A,A,3.897,A,200,T,decreased affinity
553,-1.71,none,HL,A,A,3.897,C,200,T,decreased affinity
554,-0.46,none,HL,A,A,3.897,D,200,T,decreased affinity
555,-1.06,none,HL,A,A,3.897,E,200,T,decreased affinity
556,-1.27,none,HL,A,A,3.897,F,200,T,decreased affinity
557,-1.48,none,HL,A,A,3.897,G,200,T,decreased affinity
558,-1.6,none,HL,A,A,3.897,H,200,T,decreased affinity
559,-1.23,none,HL,A,A,3.897,I,200,T,decreased affinity
560,-1.18,none,HL,A,A,3.897,K,200,T,decreased affinity
561,-1.62,none,HL,A,A,3.897,L,200,T,decreased affinity
562,-2.23,none,HL,A,A,3.897,M,200,T,decreased affinity
563,-1.09,none,HL,A,A,3.897,N,200,T,decreased affinity
564,-2.1,none,HL,A,A,3.897,P,200,T,decreased affinity
565,-1.05,none,HL,A,A,3.897,Q,200,T,decreased affinity
566,-1.15,none,HL,A,A,3.897,R,200,T,decreased affinity
567,-1.19,none,HL,A,A,3.897,S,200,T,decreased affinity
568,0.43,none,HL,A,A,3.897,V,200,T,increased affinity
569,-0.89,none,HL,A,A,3.897,W,200,T,decreased affinity
570,-0.75,none,HL,A,A,3.897,Y,200,T,decreased affinity
571,-3.39,none,HL,A,A,3.327,A,201,Q,decreased affinity
572,-3.16,none,HL,A,A,3.327,C,201,Q,decreased affinity
573,-2.48,none,HL,A,A,3.327,D,201,Q,decreased affinity
574,0.43,none,HL,A,A,3.327,E,201,Q,increased affinity
575,-2.89,none,HL,A,A,3.327,F,201,Q,decreased affinity
576,-3.68,none,HL,A,A,3.327,G,201,Q,decreased affinity
577,-2.49,none,HL,A,A,3.327,H,201,Q,decreased affinity
578,-2.64,none,HL,A,A,3.327,I,201,Q,decreased affinity
579,-2.76,none,HL,A,A,3.327,K,201,Q,decreased affinity
580,-2.36,none,HL,A,A,3.327,L,201,Q,decreased affinity
581,-2.59,none,HL,A,A,3.327,M,201,Q,decreased affinity
582,-1.66,none,HL,A,A,3.327,N,201,Q,decreased affinity
583,-2.23,none,HL,A,A,3.327,P,201,Q,decreased affinity
584,-2.61,none,HL,A,A,3.327,R,201,Q,decreased affinity
585,-2.36,none,HL,A,A,3.327,S,201,Q,decreased affinity
586,-2.57,none,HL,A,A,3.327,T,201,Q,decreased affinity
587,-2.69,none,HL,A,A,3.327,V,201,Q,decreased affinity
588,-1.0,none,HL,A,A,3.327,W,201,Q,decreased affinity
589,-2.41,none,HL,A,A,3.327,Y,201,Q,decreased affinity
590,-0.51,none,HL,A,A,4.404,A,202,K,decreased affinity
591,-1.3,none,HL,A,A,4.404,C,202,K,decreased affinity
592,-0.5,none,HL,A,A,4.404,D,202,K,decreased affinity
593,-0.38,none,HL,A,A,4.404,E,202,K,decreased affinity
594,-0.93,none,HL,A,A,4.404,F,202,K,decreased affinity
595,-0.49,none,HL,A,A,4.404,G,202,K,decreased affinity
596,-0.35,none,HL,A,A,4.404,H,202,K,decreased affinity
597,-0.5,none,HL,A,A,4.404,I,202,K,decreased affinity
598,-0.59,none,HL,A,A,4.404,L,202,K,decreased affinity
599,-0.9,none,HL,A,A,4.404,M,202,K,decreased affinity
600,-0.64,none,HL,A,A,4.404,N,202,K,decreased affinity
601,-0.74,none,HL,A,A,4.404,P,202,K,decreased affinity
602,-0.37,none,HL,A,A,4.404,Q,202,K,decreased affinity
603,0.83,none,HL,A,A,4.404,R,202,K,increased affinity
604,-0.58,none,HL,A,A,4.404,S,202,K,decreased affinity
605,-0.64,none,HL,A,A,4.404,T,202,K,decreased affinity
606,-0.55,none,HL,A,A,4.404,V,202,K,decreased affinity
607,-0.59,none,HL,A,A,4.404,W,202,K,decreased affinity
608,-0.73,none,HL,A,A,4.404,Y,202,K,decreased affinity
609,-1.74,none,HL,A,A,3.288,A,203,S,decreased affinity
610,-1.58,none,HL,A,A,3.288,C,203,S,decreased affinity
611,-1.35,none,HL,A,A,3.288,D,203,S,decreased affinity
612,-1.18,none,HL,A,A,3.288,E,203,S,decreased affinity
613,-2.28,none,HL,A,A,3.288,F,203,S,decreased affinity
614,-1.6,none,HL,A,A,3.288,G,203,S,decreased affinity
615,-2.25,none,HL,A,A,3.288,H,203,S,decreased affinity
616,-2.38,none,HL,A,A,3.288,I,203,S,decreased affinity
617,-0.4,none,HL,A,A,3.288,K,203,S,decreased affinity
618,-2.24,none,HL,A,A,3.288,L,203,S,decreased affinity
619,-2.94,none,HL,A,A,3.288,M,203,S,decreased affinity
620,-1.23,none,HL,A,A,3.288,N,203,S,decreased affinity
621,-2.28,none,HL,A,A,3.288,P,203,S,decreased affinity
622,-1.28,none,HL,A,A,3.288,Q,203,S,decreased affinity
623,1.86,none,HL,A,A,3.288,R,203,S,increased affinity
624,0.78,none,HL,A,A,3.288,T,203,S,increased affinity
625,-1.99,none,HL,A,A,3.288,V,203,S,decreased affinity
626,-0.27,none,HL,A,A,3.288,W,203,S,decreased affinity
627,-2.13,none,HL,A,A,3.288,Y,203,S,decreased affinity
628,-0.13,none,HL,A,A,5.388,A,204,L,decreased affinity
629,0.1,none,HL,A,A,5.388,C,204,L,increased affinity
630,0.27,none,HL,A,A,5.388,D,204,L,increased affinity
631,0.35,none,HL,A,A,5.388,E,204,L,increased affinity
632,0.26,none,HL,A,A,5.388,F,204,L,increased affinity
633,-0.5,none,HL,A,A,5.388,G,204,L,decreased affinity
634,-0.28,none,HL,A,A,5.388,H,204,L,decreased affinity
635,0.7,none,HL,A,A,5.388,I,204,L,increased affinity
636,0.09,none,HL,A,A,5.388,K,204,L,increased affinity
637,0.53,none,HL,A,A,5.388,M,204,L,increased affinity
638,0.23,none,HL,A,A,5.388,N,204,L,increased affinity
639,-0.2,none,HL,A,A,5.388,P,204,L,decreased affinity
640,0.77,none,HL,A,A,5.388,Q,204,L,increased affinity
641,0.02,none,HL,A,A,5.388,R,204,L,increased affinity
642,0.15,none,HL,A,A,5.388,S,204,L,increased affinity
643,0.22,none,HL,A,A,5.388,T,204,L,increased affinity
644,-0.09,none,HL,A,A,5.388,V,204,L,decreased affinity
645,0.14,none,HL,A,A,5.388,W,204,L,increased affinity
646,0.08,none,HL,A,A,5.388,Y,204,L,increased affinity
647,0.02,none,HL,A,A,3.635,A,205,S,increased affinity
648,-0.16,none,HL,A,A,3.635,C,205,S,decreased affinity
649,0.1,none,HL,A,A,3.635,D,205,S,increased affinity
650,-0.16,none,HL,A,A,3.635,E,205,S,decreased affinity
651,0.06,none,HL,A,A,3.635,F,205,S,increased affinity
652,-0.03,none,HL,A,A,3.635,G,205,S,decreased affinity
653,-0.24,none,HL,A,A,3.635,H,205,S,decreased affinity
654,0.17,none,HL,A,A,3.635,I,205,S,increased affinity
655,-0.19,none,HL,A,A,3.635,K,205,S,decreased affinity
656,0.0,none,HL,A,A,3.635,L,205,S,increased affinity
657,-0.52,none,HL,A,A,3.635,M,205,S,decreased affinity
658,0.07,none,HL,A,A,3.635,N,205,S,increased affinity
659,0.09,none,HL,A,A,3.635,P,205,S,increased affinity
660,0.03,none,HL,A,A,3.635,Q,205,S,increased affinity
661,1.0,none,HL,A,A,3.635,R,205,S,increased affinity
662,0.17,none,HL,A,A,3.635,T,205,S,increased affinity
663,0.0,none,HL,A,A,3.635,V,205,S,increased affinity
664,-0.03,none,HL,A,A,3.635,W,205,S,decreased affinity
665,-0.09,none,HL,A,A,3.635,Y,205,S,decreased affinity
666,-0.56,none,HL,A,A,4.176,A,73,H,decreased affinity
667,-0.97,none,HL,A,A,4.176,C,73,H,decreased affinity
668,-0.75,none,HL,A,A,4.176,D,73,H,decreased affinity
669,-0.83,none,HL,A,A,4.176,E,73,H,decreased affinity
670,0.15,none,HL,A,A,4.176,F,73,H,increased affinity
671,-1.55,none,HL,A,A,4.176,G,73,H,decreased affinity
672,-0.96,none,HL,A,A,4.176,I,73,H,decreased affinity
673,0.46,none,HL,A,A,4.176,K,73,H,increased affinity
674,-0.66,none,HL,A,A,4.176,L,73,H,decreased affinity
675,-1.19,none,HL,A,A,4.176,M,73,H,decreased affinity
676,0.01,none,HL,A,A,4.176,N,73,H,increased affinity
677,-1.45,none,HL,A,A,4.176,P,73,H,decreased affinity
678,-0.97,none,HL,A,A,4.176,Q,73,H,decreased affinity
679,1.32,none,HL,A,A,4.176,R,73,H,increased affinity
680,-1.1,none,HL,A,A,4.176,S,73,H,decreased affinity
681,-0.2,none,HL,A,A,4.176,T,73,H,decreased affinity
682,-1.08,none,HL,A,A,4.176,V,73,H,decreased affinity
683,-0.24,none,HL,A,A,4.176,W,73,H,decreased affinity
684,-0.55,none,HL,A,A,4.176,Y,73,H,decreased affinity
685,-0.46,none,HL,A,A,4.687,A,74,Q,decreased affinity
686,-1.0,none,HL,A,A,4.687,C,74,Q,decreased affinity
687,0.39,none,HL,A,A,4.687,D,74,Q,increased affinity
688,0.83,none,HL,A,A,4.687,E,74,Q,increased affinity
689,-0.7,none,HL,A,A,4.687,F,74,Q,decreased affinity
690,-0.43,none,HL,A,A,4.687,G,74,Q,decreased affinity
691,-0.78,none,HL,A,A,4.687,H,74,Q,decreased affinity
692,-0.28,none,HL,A,A,4.687,I,74,Q,decreased affinity
693,-0.02,none,HL,A,A,4.687,K,74,Q,decreased affinity
694,-0.28,none,HL,A,A,4.687,L,74,Q,decreased affinity
695,-0.42,none,HL,A,A,4.687,M,74,Q,decreased affinity
696,-0.11,none,HL,A,A,4.687,N,74,Q,decreased affinity
697,-0.47,none,HL,A,A,4.687,P,74,Q,decreased affinity
698,-0.07,none,HL,A,A,4.687,R,74,Q,decreased affinity
699,-0.3,none,HL,A,A,4.687,S,74,Q,decreased affinity
700,-0.39,none,HL,A,A,4.687,T,74,Q,decreased affinity
701,-0.42,none,HL,A,A,4.687,V,74,Q,decreased affinity
702,-0.59,none,HL,A,A,4.687,W,74,Q,decreased affinity
703,-0.02,none,HL,A,A,4.687,Y,74,Q,decreased affinity
704,-1.7,none,HL,A,A,3.686,A,77,L,decreased affinity
705,-0.73,none,HL,A,A,3.686,C,77,L,decreased affinity
706,0.68,none,HL,A,A,3.686,D,77,L,increased affinity
707,1.31,none,HL,A,A,3.686,E,77,L,increased affinity
708,0.27,none,HL,A,A,3.686,F,77,L,increased affinity
709,-1.84,none,HL,A,A,3.686,G,77,L,decreased affinity
710,0.26,none,HL,A,A,3.686,H,77,L,increased affinity
711,0.79,none,HL,A,A,3.686,I,77,L,increased affinity
712,0.63,none,HL,A,A,3.686,K,77,L,increased affinity
713,1.29,none,HL,A,A,3.686,M,77,L,increased affinity
714,0.96,none,HL,A,A,3.686,N,77,L,increased affinity
715,-1.2,none,HL,A,A,3.686,P,77,L,decreased affinity
716,0.05,none,HL,A,A,3.686,Q,77,L,increased affinity
717,1.75,none,HL,A,A,3.686,R,77,L,increased affinity
718,-0.52,none,HL,A,A,3.686,S,77,L,decreased affinity
719,0.02,none,HL,A,A,3.686,T,77,L,increased affinity
720,-1.34,none,HL,A,A,3.686,V,77,L,decreased affinity
721,2.57,none,HL,A,A,3.686,W,77,L,increased affinity
722,1.73,none,HL,A,A,3.686,Y,77,L,increased affinity
723,-0.59,none,HL,A,A,4.967,A,78,D,decreased affinity
724,-0.82,none,HL,A,A,4.967,C,78,D,decreased affinity
725,0.08,none,HL,A,A,4.967,E,78,D,increased affinity
726,-0.59,none,HL,A,A,4.967,F,78,D,decreased affinity
727,-0.71,none,HL,A,A,4.967,G,78,D,decreased affinity
728,-0.56,none,HL,A,A,4.967,H,78,D,decreased affinity
729,-0.55,none,HL,A,A,4.967,I,78,D,decreased affinity
730,-0.63,none,HL,A,A,4.967,K,78,D,decreased affinity
731,-0.77,none,HL,A,A,4.967,L,78,D,decreased affinity
732,-0.71,none,HL,A,A,4.967,M,78,D,decreased affinity
733,0.0,none,HL,A,A,4.967,N,78,D,increased affinity
734,-0.51,none,HL,A,A,4.967,P,78,D,decreased affinity
735,-0.47,none,HL,A,A,4.967,Q,78,D,decreased affinity
736,-1.13,none,HL,A,A,4.967,R,78,D,decreased affinity
737,-0.11,none,HL,A,A,4.967,S,78,D,decreased affinity
738,-0.58,none,HL,A,A,4.967,T,78,D,decreased affinity
739,-0.58,none,HL,A,A,4.967,V,78,D,decreased affinity
740,-0.59,none,HL,A,A,4.967,W,78,D,decreased affinity
741,-0.62,none,HL,A,A,4.967,Y,78,D,decreased affinity
742,-0.96,H96(CDR-H3),HL,A,H,3.665,A,100,L,decreased affinity
743,-0.76,H96(CDR-H3),HL,A,H,3.665,C,100,L,decreased affinity
744,0.38,H96(CDR-H3),HL,A,H,3.665,D,100,L,increased affinity
745,-0.85,H96(CDR-H3),HL,A,H,3.665,E,100,L,decreased affinity
746,0.47,H96(CDR-H3),HL,A,H,3.665,F,100,L,increased affinity
747,-1.95,H96(CDR-H3),HL,A,H,3.665,G,100,L,decreased affinity
748,0.13,H96(CDR-H3),HL,A,H,3.665,H,100,L,increased affinity
749,0.51,H96(CDR-H3),HL,A,H,3.665,I,100,L,increased affinity
750,-1.01,H96(CDR-H3),HL,A,H,3.665,K,100,L,decreased affinity
751,1.08,H96(CDR-H3),HL,A,H,3.665,M,100,L,increased affinity
752,-0.73,H96(CDR-H3),HL,A,H,3.665,N,100,L,decreased affinity
753,-1.48,H96(CDR-H3),HL,A,H,3.665,P,100,L,decreased affinity
754,-1.17,H96(CDR-H3),HL,A,H,3.665,Q,100,L,decreased affinity
755,-1.29,H96(CDR-H3),HL,A,H,3.665,R,100,L,decreased affinity
756,-1.14,H96(CDR-H3),HL,A,H,3.665,S,100,L,decreased affinity
757,-0.05,H96(CDR-H3),HL,A,H,3.665,T,100,L,decreased affinity
758,-0.59,H96(CDR-H3),HL,A,H,3.665,V,100,L,decreased affinity
759,1.87,H96(CDR-H3),HL,A,H,3.665,W,100,L,increased affinity
760,1.9,H96(CDR-H3),HL,A,H,3.665,Y,100,L,increased affinity
761,-0.13,H97(CDR-H3),HL,A,H,3.141,A,101,P,decreased affinity
762,-0.17,H97(CDR-H3),HL,A,H,3.141,C,101,P,decreased affinity
763,1.9,H97(CDR-H3),HL,A,H,3.141,D,101,P,increased affinity
764,1.11,H97(CDR-H3),HL,A,H,3.141,E,101,P,increased affinity
765,1.06,H97(CDR-H3),HL,A,H,3.141,F,101,P,increased affinity
766,-0.42,H97(CDR-H3),HL,A,H,3.141,G,101,P,decreased affinity
767,-0.86,H97(CDR-H3),HL,A,H,3.141,H,101,P,decreased affinity
768,-1.93,H97(CDR-H3),HL,A,H,3.141,I,101,P,decreased affinity
769,0.58,H97(CDR-H3),HL,A,H,3.141,K,101,P,increased affinity
770,-2.12,H97(CDR-H3),HL,A,H,3.141,L,101,P,decreased affinity
771,-2.15,H97(CDR-H3),HL,A,H,3.141,M,101,P,decreased affinity
772,0.88,H97(CDR-H3),HL,A,H,3.141,N,101,P,increased affinity
773,0.64,H97(CDR-H3),HL,A,H,3.141,Q,101,P,increased affinity
774,1.72,H97(CDR-H3),HL,A,H,3.141,R,101,P,increased affinity
775,-0.35,H97(CDR-H3),HL,A,H,3.141,S,101,P,decreased affinity
776,1.31,H97(CDR-H3),HL,A,H,3.141,T,101,P,increased affinity
777,-1.4,H97(CDR-H3),HL,A,H,3.141,V,101,P,decreased affinity
778,2.49,H97(CDR-H3),HL,A,H,3.141,W,101,P,increased affinity
779,2.06,H97(CDR-H3),HL,A,H,3.141,Y,101,P,increased affinity
780,-1.16,H98(CDR-H3),HL,A,H,3.45,A,102,R,decreased affinity
781,-0.3,H98(CDR-H3),HL,A,H,3.45,C,102,R,decreased affinity
782,0.76,H98(CDR-H3),HL,A,H,3.45,D,102,R,increased affinity
783,0.39,H98(CDR-H3),HL,A,H,3.45,E,102,R,increased affinity
784,0.54,H98(CDR-H3),HL,A,H,3.45,F,102,R,increased affinity
785,-1.17,H98(CDR-H3),HL,A,H,3.45,G,102,R,decreased affinity
786,-0.29,H98(CDR-H3),HL,A,H,3.45,H,102,R,decreased affinity
787,-0.15,H98(CDR-H3),HL,A,H,3.45,I,102,R,decreased affinity
788,-0.51,H98(CDR-H3),HL,A,H,3.45,K,102,R,decreased affinity
789,-0.43,H98(CDR-H3),HL,A,H,3.45,L,102,R,decreased affinity
790,-1.11,H98(CDR-H3),HL,A,H,3.45,M,102,R,decreased affinity
791,-0.62,H98(CDR-H3),HL,A,H,3.45,N,102,R,decreased affinity
792,-0.14,H98(CDR-H3),HL,A,H,3.45,P,102,R,decreased affinity
793,0.33,H98(CDR-H3),HL,A,H,3.45,Q,102,R,increased affinity
794,0.13,H98(CDR-H3),HL,A,H,3.45,S,102,R,increased affinity
795,0.1,H98(CDR-H3),HL,A,H,3.45,T,102,R,increased affinity
796,-0.35,H98(CDR-H3),HL,A,H,3.45,V,102,R,decreased affinity
797,0.42,H98(CDR-H3),HL,A,H,3.45,W,102,R,increased affinity
798,0.78,H98(CDR-H3),HL,A,H,3.45,Y,102,R,increased affinity
799,-1.88,H99(CDR-H3),HL,A,H,3.372,A,103,G,decreased affinity
800,-0.78,H99(CDR-H3),HL,A,H,3.372,C,103,G,decreased affinity
801,-0.09,H99(CDR-H3),HL,A,H,3.372,D,103,G,decreased affinity
802,0.26,H99(CDR-H3),HL,A,H,3.372,E,103,G,increased affinity
803,0.18,H99(CDR-H3),HL,A,H,3.372,F,103,G,increased affinity
804,-1.16,H99(CDR-H3),HL,A,H,3.372,H,103,G,decreased affinity
805,-2.69,H99(CDR-H3),HL,A,H,3.372,I,103,G,decreased affinity
806,-1.04,H99(CDR-H3),HL,A,H,3.372,K,103,G,decreased affinity
807,-2.37,H99(CDR-H3),HL,A,H,3.372,L,103,G,decreased affinity
808,-2.62,H99(CDR-H3),HL,A,H,3.372,M,103,G,decreased affinity
809,-0.61,H99(CDR-H3),HL,A,H,3.372,N,103,G,decreased affinity
810,-1.22,H99(CDR-H3),HL,A,H,3.372,P,103,G,decreased affinity
811,-0.4,H99(CDR-H3),HL,A,H,3.372,Q,103,G,decreased affinity
812,-0.78,H99(CDR-H3),HL,A,H,3.372,R,103,G,decreased affinity
813,-0.87,H99(CDR-H3),HL,A,H,3.372,S,103,G,decreased affinity
814,-1.23,H99(CDR-H3),HL,A,H,3.372,T,103,G,decreased affinity
815,-2.44,H99(CDR-H3),HL,A,H,3.372,V,103,G,decreased affinity
816,0.95,H99(CDR-H3),HL,A,H,3.372,W,103,G,increased affinity
817,1.55,H99(CDR-H3),HL,A,H,3.372,Y,103,G,increased affinity
818,-0.8,H100(CDR-H3),HL,A,H,4.191,A,104,L,decreased affinity
819,-0.04,H100(CDR-H3),HL,A,H,4.191,C,104,L,decreased affinity
820,0.32,H100(CDR-H3),HL,A,H,4.191,D,104,L,increased affinity
821,0.17,H100(CDR-H3),HL,A,H,4.191,E,104,L,increased affinity
822,-0.74,H100(CDR-H3),HL,A,H,4.191,F,104,L,decreased affinity
823,-1.26,H100(CDR-H3),HL,A,H,4.191,G,104,L,decreased affinity
824,-1.4,H100(CDR-H3),HL,A,H,4.191,H,104,L,decreased affinity
825,-1.18,H100(CDR-H3),HL,A,H,4.191,I,104,L,decreased affinity
826,0.05,H100(CDR-H3),HL,A,H,4.191,K,104,L,increased affinity
827,-1.22,H100(CDR-H3),HL,A,H,4.191,M,104,L,decreased affinity
828,0.82,H100(CDR-H3),HL,A,H,4.191,N,104,L,increased affinity
829,-0.21,H100(CDR-H3),HL,A,H,4.191,P,104,L,decreased affinity
830,0.83,H100(CDR-H3),HL,A,H,4.191,Q,104,L,increased affinity
831,0.23,H100(CDR-H3),HL,A,H,4.191,R,104,L,increased affinity
832,1.04,H100(CDR-H3),HL,A,H,4.191,S,104,L,increased affinity
833,0.76,H100(CDR-H3),HL,A,H,4.191,T,104,L,increased affinity
834,-1.24,H100(CDR-H3),HL,A,H,4.191,V,104,L,decreased affinity
835,-0.92,H100(CDR-H3),HL,A,H,4.191,W,104,L,decreased affinity
836,1.31,H100(CDR-H3),HL,A,H,4.191,Y,104,L,increased affinity
837,-1.41,H100A(CDR-H3),HL,A,H,4.436,A,105,V,decreased affinity
838,0.18,H100A(CDR-H3),HL,A,H,4.436,C,105,V,increased affinity
839,1.53,H100A(CDR-H3),HL,A,H,4.436,D,105,V,increased affinity
840,0.99,H100A(CDR-H3),HL,A,H,4.436,E,105,V,increased affinity
841,-1.18,H100A(CDR-H3),HL,A,H,4.436,F,105,V,decreased affinity
842,-1.47,H100A(CDR-H3),HL,A,H,4.436,G,105,V,decreased affinity
843,-1.73,H100A(CDR-H3),HL,A,H,4.436,H,105,V,decreased affinity
844,-1.67,H100A(CDR-H3),HL,A,H,4.436,I,105,V,decreased affinity
845,-0.11,H100A(CDR-H3),HL,A,H,4.436,K,105,V,decreased affinity
846,-1.43,H100A(CDR-H3),HL,A,H,4.436,L,105,V,decreased affinity
847,-1.49,H100A(CDR-H3),HL,A,H,4.436,M,105,V,decreased affinity
848,0.37,H100A(CDR-H3),HL,A,H,4.436,N,105,V,increased affinity
849,-0.67,H100A(CDR-H3),HL,A,H,4.436,P,105,V,decreased affinity
850,0.12,H100A(CDR-H3),HL,A,H,4.436,Q,105,V,increased affinity
851,0.05,H100A(CDR-H3),HL,A,H,4.436,R,105,V,increased affinity
852,0.74,H100A(CDR-H3),HL,A,H,4.436,S,105,V,increased affinity
853,0.22,H100A(CDR-H3),HL,A,H,4.436,T,105,V,increased affinity
854,1.64,H100A(CDR-H3),HL,A,H,4.436,W,105,V,increased affinity
855,1.01,H100A(CDR-H3),HL,A,H,4.436,Y,105,V,increased affinity
856,-4.5,H100B(CDR-H3),HL,A,H,3.508,A,106,R,decreased affinity
857,-3.86,H100B(CDR-H3),HL,A,H,3.508,C,106,R,decreased affinity
858,-2.09,H100B(CDR-H3),HL,A,H,3.508,D,106,R,decreased affinity
859,-2.94,H100B(CDR-H3),HL,A,H,3.508,E,106,R,decreased affinity
860,-1.24,H100B(CDR-H3),HL,A,H,3.508,F,106,R,decreased affinity
861,-4.64,H100B(CDR-H3),HL,A,H,3.508,G,106,R,decreased affinity
862,-1.99,H100B(CDR-H3),HL,A,H,3.508,H,106,R,decreased affinity
863,-3.28,H100B(CDR-H3),HL,A,H,3.508,I,106,R,decreased affinity
864,-2.81,H100B(CDR-H3),HL,A,H,3.508,K,106,R,decreased affinity
865,-2.98,H100B(CDR-H3),HL,A,H,3.508,L,106,R,decreased affinity
866,-3.48,H100B(CDR-H3),HL,A,H,3.508,M,106,R,decreased affinity
867,-1.32,H100B(CDR-H3),HL,A,H,3.508,N,106,R,decreased affinity
868,-3.9,H100B(CDR-H3),HL,A,H,3.508,P,106,R,decreased affinity
869,-2.59,H100B(CDR-H3),HL,A,H,3.508,Q,106,R,decreased affinity
870,-4.22,H100B(CDR-H3),HL,A,H,3.508,S,106,R,decreased affinity
871,-3.89,H100B(CDR-H3),HL,A,H,3.508,T,106,R,decreased affinity
872,-3.68,H100B(CDR-H3),HL,A,H,3.508,V,106,R,decreased affinity
873,-0.52,H100B(CDR-H3),HL,A,H,3.508,W,106,R,decreased affinity
874,-0.37,H100B(CDR-H3),HL,A,H,3.508,Y,106,R,decreased affinity
875,-0.14,H28(CDR-H1),HL,A,H,4.502,A,28,T,decreased affinity
876,-0.46,H28(CDR-H1),HL,A,H,4.502,C,28,T,decreased affinity
877,0.36,H28(CDR-H1),HL,A,H,4.502,D,28,T,increased affinity
878,0.21,H28(CDR-H1),HL,A,H,4.502,E,28,T,increased affinity
879,-0.19,H28(CDR-H1),HL,A,H,4.502,F,28,T,decreased affinity
880,-0.17,H28(CDR-H1),HL,A,H,4.502,G,28,T,decreased affinity
881,-0.23,H28(CDR-H1),HL,A,H,4.502,H,28,T,decreased affinity
882,-0.19,H28(CDR-H1),HL,A,H,4.502,I,28,T,decreased affinity
883,-0.27,H28(CDR-H1),HL,A,H,4.502,K,28,T,decreased affinity
884,-0.05,H28(CDR-H1),HL,A,H,4.502,L,28,T,decreased affinity
885,-0.39,H28(CDR-H1),HL,A,H,4.502,M,28,T,decreased affinity
886,0.04,H28(CDR-H1),HL,A,H,4.502,N,28,T,increased affinity
887,-0.16,H28(CDR-H1),HL,A,H,4.502,P,28,T,decreased affinity
888,-0.02,H28(CDR-H1),HL,A,H,4.502,Q,28,T,decreased affinity
889,-0.34,H28(CDR-H1),HL,A,H,4.502,R,28,T,decreased affinity
890,0.2,H28(CDR-H1),HL,A,H,4.502,S,28,T,increased affinity
891,-0.19,H28(CDR-H1),HL,A,H,4.502,V,28,T,decreased affinity
892,0.12,H28(CDR-H1),HL,A,H,4.502,W,28,T,increased affinity
893,-0.12,H28(CDR-H1),HL,A,H,4.502,Y,28,T,decreased affinity
894,-0.4,H30(CDR-H1),HL,A,H,4.922,A,30,S,decreased affinity
895,-0.82,H30(CDR-H1),HL,A,H,4.922,C,30,S,decreased affinity
896,0.14,H30(CDR-H1),HL,A,H,4.922,D,30,S,increased affinity
897,0.12,H30(CDR-H1),HL,A,H,4.922,E,30,S,increased affinity
898,-1.13,H30(CDR-H1),HL,A,H,4.922,F,30,S,decreased affinity
899,-0.36,H30(CDR-H1),HL,A,H,4.922,G,30,S,decreased affinity
900,-0.32,H30(CDR-H1),HL,A,H,4.922,H,30,S,decreased affinity
901,-0.05,H30(CDR-H1),HL,A,H,4.922,I,30,S,decreased affinity
902,-0.18,H30(CDR-H1),HL,A,H,4.922,K,30,S,decreased affinity
903,-0.06,H30(CDR-H1),HL,A,H,4.922,L,30,S,decreased affinity
904,-0.21,H30(CDR-H1),HL,A,H,4.922,M,30,S,decreased affinity
905,0.4,H30(CDR-H1),HL,A,H,4.922,N,30,S,increased affinity
906,-0.34,H30(CDR-H1),HL,A,H,4.922,P,30,S,decreased affinity
907,-0.02,H30(CDR-H1),HL,A,H,4.922,Q,30,S,decreased affinity
908,-0.11,H30(CDR-H1),HL,A,H,4.922,R,30,S,decreased affinity
909,1.04,H30(CDR-H1),HL,A,H,4.922,T,30,S,increased affinity
910,-0.12,H30(CDR-H1),HL,A,H,4.922,V,30,S,decreased affinity
911,0.97,H30(CDR-H1),HL,A,H,4.922,W,30,S,increased affinity
912,0.39,H30(CDR-H1),HL,A,H,4.922,Y,30,S,increased affinity
913,-0.63,H31(CDR-H1),HL,A,H,3.246,A,31,N,decreased affinity
914,-0.83,H31(CDR-H1),HL,A,H,3.246,C,31,N,decreased affinity
915,1.12,H31(CDR-H1),HL,A,H,3.246,D,31,N,increased affinity
916,-0.04,H31(CDR-H1),HL,A,H,3.246,E,31,N,decreased affinity
917,-0.46,H31(CDR-H1),HL,A,H,3.246,F,31,N,decreased affinity
918,-0.14,H31(CDR-H1),HL,A,H,3.246,G,31,N,decreased affinity
919,-0.48,H31(CDR-H1),HL,A,H,3.246,H,31,N,decreased affinity
920,-0.36,H31(CDR-H1),HL,A,H,3.246,I,31,N,decreased affinity
921,-0.56,H31(CDR-H1),HL,A,H,3.246,K,31,N,decreased affinity
922,-0.54,H31(CDR-H1),HL,A,H,3.246,L,31,N,decreased affinity
923,-0.58,H31(CDR-H1),HL,A,H,3.246,M,31,N,decreased affinity
924,-0.46,H31(CDR-H1),HL,A,H,3.246,P,31,N,decreased affinity
925,-0.55,H31(CDR-H1),HL,A,H,3.246,Q,31,N,decreased affinity
926,-0.68,H31(CDR-H1),HL,A,H,3.246,R,31,N,decreased affinity
927,2.18,H31(CDR-H1),HL,A,H,3.246,S,31,N,increased affinity
928,-0.2,H31(CDR-H1),HL,A,H,3.246,T,31,N,decreased affinity
929,-0.47,H31(CDR-H1),HL,A,H,3.246,V,31,N,decreased affinity
930,1.06,H31(CDR-H1),HL,A,H,3.246,W,31,N,increased affinity
931,0.29,H31(CDR-H1),HL,A,H,3.246,Y,31,N,increased affinity
932,-2.58,H32(CDR-H1),HL,A,H,3.332,A,32,Y,decreased affinity
933,-2.2,H32(CDR-H1),HL,A,H,3.332,C,32,Y,decreased affinity
934,-1.88,H32(CDR-H1),HL,A,H,3.332,D,32,Y,decreased affinity
935,-1.72,H32(CDR-H1),HL,A,H,3.332,E,32,Y,decreased affinity
936,0.03,H32(CDR-H1),HL,A,H,3.332,F,32,Y,increased affinity
937,-2.7,H32(CDR-H1),HL,A,H,3.332,G,32,Y,decreased affinity
938,-0.82,H32(CDR-H1),HL,A,H,3.332,H,32,Y,decreased affinity
939,-2.49,H32(CDR-H1),HL,A,H,3.332,I,32,Y,decreased affinity
940,-1.9,H32(CDR-H1),HL,A,H,3.332,K,32,Y,decreased affinity
941,-2.28,H32(CDR-H1),HL,A,H,3.332,L,32,Y,decreased affinity
942,-2.15,H32(CDR-H1),HL,A,H,3.332,M,32,Y,decreased affinity
943,-1.39,H32(CDR-H1),HL,A,H,3.332,N,32,Y,decreased affinity
944,-2.47,H32(CDR-H1),HL,A,H,3.332,P,32,Y,decreased affinity
945,-2.07,H32(CDR-H1),HL,A,H,3.332,Q,32,Y,decreased affinity
946,-0.56,H32(CDR-H1),HL,A,H,3.332,R,32,Y,decreased affinity
947,-1.32,H32(CDR-H1),HL,A,H,3.332,S,32,Y,decreased affinity
948,-1.55,H32(CDR-H1),HL,A,H,3.332,T,32,Y,decreased affinity
949,-2.45,H32(CDR-H1),HL,A,H,3.332,V,32,Y,decreased affinity
950,-0.64,H32(CDR-H1),HL,A,H,3.332,W,32,Y,decreased affinity
951,0.56,H33(HFR2),HL,A,H,3.123,C,33,A,increased affinity
952,2.78,H33(HFR2),HL,A,H,3.123,D,33,A,increased affinity
953,1.07,H33(HFR2),HL,A,H,3.123,E,33,A,increased affinity
954,0.57,H33(HFR2),HL,A,H,3.123,F,33,A,increased affinity
955,-1.83,H33(HFR2),HL,A,H,3.123,G,33,A,decreased affinity
956,1.51,H33(HFR2),HL,A,H,3.123,H,33,A,increased affinity
957,-1.01,H33(HFR2),HL,A,H,3.123,I,33,A,decreased affinity
958,0.8,H33(HFR2),HL,A,H,3.123,K,33,A,increased affinity
959,-0.97,H33(HFR2),HL,A,H,3.123,L,33,A,decreased affinity
960,-1.14,H33(HFR2),HL,A,H,3.123,M,33,A,decreased affinity
961,1.4,H33(HFR2),HL,A,H,3.123,N,33,A,increased affinity
962,-1.73,H33(HFR2),HL,A,H,3.123,P,33,A,decreased affinity
963,0.06,H33(HFR2),HL,A,H,3.123,Q,33,A,increased affinity
964,2.0,H33(HFR2),HL,A,H,3.123,R,33,A,increased affinity
965,0.78,H33(HFR2),HL,A,H,3.123,S,33,A,increased affinity
966,2.15,H33(HFR2),HL,A,H,3.123,T,33,A,increased affinity
967,-1.82,H33(HFR2),HL,A,H,3.123,V,33,A,decreased affinity
968,2.28,H33(HFR2),HL,A,H,3.123,W,33,A,increased affinity
969,2.22,H33(HFR2),HL,A,H,3.123,Y,33,A,increased affinity
970,-2.69,H34(HFR2),HL,A,H,4.232,A,34,I,decreased affinity
971,-0.88,H34(HFR2),HL,A,H,4.232,C,34,I,decreased affinity
972,-0.61,H34(HFR2),HL,A,H,4.232,D,34,I,decreased affinity
973,0.15,H34(HFR2),HL,A,H,4.232,E,34,I,increased affinity
974,0.78,H34(HFR2),HL,A,H,4.232,F,34,I,increased affinity
975,-2.59,H34(HFR2),HL,A,H,4.232,G,34,I,decreased affinity
976,-0.17,H34(HFR2),HL,A,H,4.232,H,34,I,decreased affinity
977,1.15,H34(HFR2),HL,A,H,4.232,K,34,I,increased affinity
978,-2.48,H34(HFR2),HL,A,H,4.232,L,34,I,decreased affinity
979,1.68,H34(HFR2),HL,A,H,4.232,M,34,I,increased affinity
980,-0.5,H34(HFR2),HL,A,H,4.232,N,34,I,decreased affinity
981,-2.4,H34(HFR2),HL,A,H,4.232,P,34,I,decreased affinity
982,0.24,H34(HFR2),HL,A,H,4.232,Q,34,I,increased affinity
983,1.08,H34(HFR2),HL,A,H,4.232,R,34,I,increased affinity
984,-0.21,H34(HFR2),HL,A,H,4.232,S,34,I,decreased affinity
985,0.54,H34(HFR2),HL,A,H,4.232,T,34,I,increased affinity
986,-1.95,H34(HFR2),HL,A,H,4.232,V,34,I,decreased affinity
987,2.66,H34(HFR2),HL,A,H,4.232,W,34,I,increased affinity
988,0.87,H34(HFR2),HL,A,H,4.232,Y,34,I,increased affinity
989,-2.04,H35(HFR2),HL,A,H,4.552,A,35,S,decreased affinity
990,-1.94,H35(HFR2),HL,A,H,4.552,C,35,S,decreased affinity
991,-1.1,H35(HFR2),HL,A,H,4.552,D,35,S,decreased affinity
992,0.43,H35(HFR2),HL,A,H,4.552,E,35,S,increased affinity
993,0.3,H35(HFR2),HL,A,H,4.552,F,35,S,increased affinity
994,-2.54,H35(HFR2),HL,A,H,4.552,G,35,S,decreased affinity
995,2.9,H35(HFR2),HL,A,H,4.552,H,35,S,increased affinity
996,-1.9,H35(HFR2),HL,A,H,4.552,I,35,S,decreased affinity
997,0.6,H35(HFR2),HL,A,H,4.552,K,35,S,increased affinity
998,-2.0,H35(HFR2),HL,A,H,4.552,L,35,S,decreased affinity
999,-2.29,H35(HFR2),HL,A,H,4.552,M,35,S,decreased affinity
1000,0.89,H35(HFR2),HL,A,H,4.552,N,35,S,increased affinity
1001,-1.96,H35(HFR2),HL,A,H,4.552,P,35,S,decreased affinity
1002,1.61,H35(HFR2),HL,A,H,4.552,Q,35,S,increased affinity
1003,0.78,H35(HFR2),HL,A,H,4.552,R,35,S,increased affinity
1004,-1.88,H35(HFR2),HL,A,H,4.552,T,35,S,decreased affinity
1005,-2.33,H35(HFR2),HL,A,H,4.552,V,35,S,decreased affinity
1006,0.07,H35(HFR2),HL,A,H,4.552,W,35,S,increased affinity
1007,1.08,H35(HFR2),HL,A,H,4.552,Y,35,S,increased affinity
1008,-2.85,H47(HFR2),HL,A,H,4.812,A,47,W,decreased affinity
1009,-1.9,H47(HFR2),HL,A,H,4.812,C,47,W,decreased affinity
1010,-1.83,H47(HFR2),HL,A,H,4.812,D,47,W,decreased affinity
1011,-1.82,H47(HFR2),HL,A,H,4.812,E,47,W,decreased affinity
1012,-1.81,H47(HFR2),HL,A,H,4.812,F,47,W,decreased affinity
1013,-2.82,H47(HFR2),HL,A,H,4.812,G,47,W,decreased affinity
1014,-0.91,H47(HFR2),HL,A,H,4.812,H,47,W,decreased affinity
1015,-2.19,H47(HFR2),HL,A,H,4.812,I,47,W,decreased affinity
1016,-1.14,H47(HFR2),HL,A,H,4.812,K,47,W,decreased affinity
1017,-2.1,H47(HFR2),HL,A,H,4.812,L,47,W,decreased affinity
1018,-2.1,H47(HFR2),HL,A,H,4.812,M,47,W,decreased affinity
1019,-0.93,H47(HFR2),HL,A,H,4.812,N,47,W,decreased affinity
1020,-2.57,H47(HFR2),HL,A,H,4.812,P,47,W,decreased affinity
1021,-0.99,H47(HFR2),HL,A,H,4.812,Q,47,W,decreased affinity
1022,-0.21,H47(HFR2),HL,A,H,4.812,R,47,W,decreased affinity
1023,-1.78,H47(HFR2),HL,A,H,4.812,S,47,W,decreased affinity
1024,-2.28,H47(HFR2),HL,A,H,4.812,T,47,W,decreased affinity
1025,-2.57,H47(HFR2),HL,A,H,4.812,V,47,W,decreased affinity
1026,-0.4,H47(HFR2),HL,A,H,4.812,Y,47,W,decreased affinity
1027,-0.72,H49(HFR2),HL,A,H,5.324,A,49,G,decreased affinity
1028,1.31,H49(HFR2),HL,A,H,5.324,C,49,G,increased affinity
1029,1.81,H49(HFR2),HL,A,H,5.324,D,49,G,increased affinity
1030,1.66,H49(HFR2),HL,A,H,5.324,E,49,G,increased affinity
1031,0.79,H49(HFR2),HL,A,H,5.324,F,49,G,increased affinity
1032,0.99,H49(HFR2),HL,A,H,5.324,H,49,G,increased affinity
1033,1.05,H49(HFR2),HL,A,H,5.324,I,49,G,increased affinity
1034,1.62,H49(HFR2),HL,A,H,5.324,K,49,G,increased affinity
1035,1.45,H49(HFR2),HL,A,H,5.324,L,49,G,increased affinity
1036,1.23,H49(HFR2),HL,A,H,5.324,M,49,G,increased affinity
1037,1.53,H49(HFR2),HL,A,H,5.324,N,49,G,increased affinity
1038,-0.2,H49(HFR2),HL,A,H,5.324,P,49,G,decreased affinity
1039,1.64,H49(HFR2),HL,A,H,5.324,Q,49,G,increased affinity
1040,1.37,H49(HFR2),HL,A,H,5.324,R,49,G,increased affinity
1041,1.84,H49(HFR2),HL,A,H,5.324,S,49,G,increased affinity
1042,0.96,H49(HFR2),HL,A,H,5.324,T,49,G,increased affinity
1043,1.04,H49(HFR2),HL,A,H,5.324,V,49,G,increased affinity
1044,0.93,H49(HFR2),HL,A,H,5.324,W,49,G,increased affinity
1045,1.26,H49(HFR2),HL,A,H,5.324,Y,49,G,increased affinity
1046,-1.74,H50(HFR2),HL,A,H,3.217,A,50,G,decreased affinity
1047,-0.31,H50(HFR2),HL,A,H,3.217,C,50,G,decreased affinity
1048,0.96,H50(HFR2),HL,A,H,3.217,D,50,G,increased affinity
1049,2.74,H50(HFR2),HL,A,H,3.217,E,50,G,increased affinity
1050,1.68,H50(HFR2),HL,A,H,3.217,F,50,G,increased affinity
1051,1.35,H50(HFR2),HL,A,H,3.217,H,50,G,increased affinity
1052,-1.65,H50(HFR2),HL,A,H,3.217,I,50,G,decreased affinity
1053,1.12,H50(HFR2),HL,A,H,3.217,K,50,G,increased affinity
1054,-0.06,H50(HFR2),HL,A,H,3.217,L,50,G,decreased affinity
1055,-0.16,H50(HFR2),HL,A,H,3.217,M,50,G,decreased affinity
1056,0.52,H50(HFR2),HL,A,H,3.217,N,50,G,increased affinity
1057,-1.24,H50(HFR2),HL,A,H,3.217,P,50,G,decreased affinity
1058,0.62,H50(HFR2),HL,A,H,3.217,Q,50,G,increased affinity
1059,2.59,H50(HFR2),HL,A,H,3.217,R,50,G,increased affinity
1060,0.39,H50(HFR2),HL,A,H,3.217,S,50,G,increased affinity
1061,0.1,H50(HFR2),HL,A,H,3.217,T,50,G,increased affinity
1062,-1.74,H50(HFR2),HL,A,H,3.217,V,50,G,decreased affinity
1063,3.13,H50(HFR2),HL,A,H,3.217,W,50,G,increased affinity
1064,2.86,H50(HFR2),HL,A,H,3.217,Y,50,G,increased affinity
1065,-2.25,H51(HFR2),HL,A,H,3.642,A,51,I,decreased affinity
1066,-1.53,H51(HFR2),HL,A,H,3.642,C,51,I,decreased affinity
1067,0.44,H51(HFR2),HL,A,H,3.642,D,51,I,increased affinity
1068,0.94,H51(HFR2),HL,A,H,3.642,E,51,I,increased affinity
1069,0.25,H51(HFR2),HL,A,H,3.642,F,51,I,increased affinity
1070,-2.43,H51(HFR2),HL,A,H,3.642,G,51,I,decreased affinity
1071,0.21,H51(HFR2),HL,A,H,3.642,H,51,I,increased affinity
1072,0.49,H51(HFR2),HL,A,H,3.642,K,51,I,increased affinity
1073,-1.25,H51(HFR2),HL,A,H,3.642,L,51,I,decreased affinity
1074,-0.97,H51(HFR2),HL,A,H,3.642,M,51,I,decreased affinity
1075,0.39,H51(HFR2),HL,A,H,3.642,N,51,I,increased affinity
1076,-1.82,H51(HFR2),HL,A,H,3.642,P,51,I,decreased affinity
1077,0.73,H51(HFR2),HL,A,H,3.642,Q,51,I,increased affinity
1078,1.24,H51(HFR2),HL,A,H,3.642,R,51,I,increased affinity
1079,-1.28,H51(HFR2),HL,A,H,3.642,S,51,I,decreased affinity
1080,-0.57,H51(HFR2),HL,A,H,3.642,T,51,I,decreased affinity
1081,-0.37,H51(HFR2),HL,A,H,3.642,V,51,I,decreased affinity
1082,1.68,H51(HFR2),HL,A,H,3.642,W,51,I,increased affinity
1083,1.83,H51(HFR2),HL,A,H,3.642,Y,51,I,increased affinity
1084,-2.03,H52(CDR-H2),HL,A,H,3.04,A,52,I,decreased affinity
1085,0.3,H52(CDR-H2),HL,A,H,3.04,C,52,I,increased affinity
1086,2.0,H52(CDR-H2),HL,A,H,3.04,D,52,I,increased affinity
1087,1.34,H52(CDR-H2),HL,A,H,3.04,E,52,I,increased affinity
1088,1.44,H52(CDR-H2),HL,A,H,3.04,F,52,I,increased affinity
1089,-2.42,H52(CDR-H2),HL,A,H,3.04,G,52,I,decreased affinity
1090,0.36,H52(CDR-H2),HL,A,H,3.04,H,52,I,increased affinity
1091,1.58,H52(CDR-H2),HL,A,H,3.04,K,52,I,increased affinity
1092,-1.17,H52(CDR-H2),HL,A,H,3.04,L,52,I,decreased affinity
1093,-1.1,H52(CDR-H2),HL,A,H,3.04,M,52,I,decreased affinity
1094,2.13,H52(CDR-H2),HL,A,H,3.04,N,52,I,increased affinity
1095,-1.42,H52(CDR-H2),HL,A,H,3.04,P,52,I,decreased affinity
1096,1.22,H52(CDR-H2),HL,A,H,3.04,Q,52,I,increased affinity
1097,2.8,H52(CDR-H2),HL,A,H,3.04,R,52,I,increased affinity
1098,0.92,H52(CDR-H2),HL,A,H,3.04,S,52,I,increased affinity
1099,0.76,H52(CDR-H2),HL,A,H,3.04,T,52,I,increased affinity
1100,-1.22,H52(CDR-H2),HL,A,H,3.04,V,52,I,decreased affinity
1101,2.79,H52(CDR-H2),HL,A,H,3.04,W,52,I,increased affinity
1102,1.77,H52(CDR-H2),HL,A,H,3.04,Y,52,I,increased affinity
1103,-0.94,H53(CDR-H2),HL,A,H,3.879,A,54,M,decreased affinity
1104,-0.2,H53(CDR-H2),HL,A,H,3.879,C,54,M,decreased affinity
1105,1.12,H53(CDR-H2),HL,A,H,3.879,D,54,M,increased affinity
1106,0.46,H53(CDR-H2),HL,A,H,3.879,E,54,M,increased affinity
1107,-0.12,H53(CDR-H2),HL,A,H,3.879,F,54,M,decreased affinity
1108,-0.38,H53(CDR-H2),HL,A,H,3.879,G,54,M,decreased affinity
1109,-0.46,H53(CDR-H2),HL,A,H,3.879,H,54,M,decreased affinity
1110,-0.62,H53(CDR-H2),HL,A,H,3.879,I,54,M,decreased affinity
1111,0.64,H53(CDR-H2),HL,A,H,3.879,K,54,M,increased affinity
1112,-0.52,H53(CDR-H2),HL,A,H,3.879,L,54,M,decreased affinity
1113,1.26,H53(CDR-H2),HL,A,H,3.879,N,54,M,increased affinity
1114,-0.37,H53(CDR-H2),HL,A,H,3.879,P,54,M,decreased affinity
1115,0.36,H53(CDR-H2),HL,A,H,3.879,Q,54,M,increased affinity
1116,1.43,H53(CDR-H2),HL,A,H,3.879,R,54,M,increased affinity
1117,0.9,H53(CDR-H2),HL,A,H,3.879,S,54,M,increased affinity
1118,1.07,H53(CDR-H2),HL,A,H,3.879,T,54,M,increased affinity
1119,-0.73,H53(CDR-H2),HL,A,H,3.879,V,54,M,decreased affinity
1120,-0.21,H53(CDR-H2),HL,A,H,3.879,W,54,M,decreased affinity
1121,1.03,H53(CDR-H2),HL,A,H,3.879,Y,54,M,increased affinity
1122,-2.28,H54(CDR-H2),HL,A,H,3.449,A,55,F,decreased affinity
1123,-1.61,H54(CDR-H2),HL,A,H,3.449,C,55,F,decreased affinity
1124,-0.3,H54(CDR-H2),HL,A,H,3.449,D,55,F,decreased affinity
1125,-0.68,H54(CDR-H2),HL,A,H,3.449,E,55,F,decreased affinity
1126,-1.63,H54(CDR-H2),HL,A,H,3.449,G,55,F,decreased affinity
1127,-1.06,H54(CDR-H2),HL,A,H,3.449,H,55,F,decreased affinity
1128,-2.17,H54(CDR-H2),HL,A,H,3.449,I,55,F,decreased affinity
1129,-0.76,H54(CDR-H2),HL,A,H,3.449,K,55,F,decreased affinity
1130,-2.08,H54(CDR-H2),HL,A,H,3.449,L,55,F,decreased affinity
1131,-2.11,H54(CDR-H2),HL,A,H,3.449,M,55,F,decreased affinity
1132,0.19,H54(CDR-H2),HL,A,H,3.449,N,55,F,increased affinity
1133,-2.36,H54(CDR-H2),HL,A,H,3.449,P,55,F,decreased affinity
1134,-0.91,H54(CDR-H2),HL,A,H,3.449,Q,55,F,decreased affinity
1135,-0.55,H54(CDR-H2),HL,A,H,3.449,R,55,F,decreased affinity
1136,0.35,H54(CDR-H2),HL,A,H,3.449,S,55,F,increased affinity
1137,-1.59,H54(CDR-H2),HL,A,H,3.449,T,55,F,decreased affinity
1138,-2.24,H54(CDR-H2),HL,A,H,3.449,V,55,F,decreased affinity
1139,-1.09,H54(CDR-H2),HL,A,H,3.449,W,55,F,decreased affinity
1140,0.58,H54(CDR-H2),HL,A,H,3.449,Y,55,F,increased affinity
1141,-1.41,H56(CDR-H2),HL,A,H,3.453,A,57,T,decreased affinity
1142,-0.84,H56(CDR-H2),HL,A,H,3.453,C,57,T,decreased affinity
1143,-0.28,H56(CDR-H2),HL,A,H,3.453,D,57,T,decreased affinity
1144,0.11,H56(CDR-H2),HL,A,H,3.453,E,57,T,increased affinity
1145,1.41,H56(CDR-H2),HL,A,H,3.453,F,57,T,increased affinity
1146,-1.17,H56(CDR-H2),HL,A,H,3.453,G,57,T,decreased affinity
1147,1.08,H56(CDR-H2),HL,A,H,3.453,H,57,T,increased affinity
1148,-0.25,H56(CDR-H2),HL,A,H,3.453,I,57,T,decreased affinity
1149,0.34,H56(CDR-H2),HL,A,H,3.453,K,57,T,increased affinity
1150,-0.38,H56(CDR-H2),HL,A,H,3.453,L,57,T,decreased affinity
1151,-0.34,H56(CDR-H2),HL,A,H,3.453,M,57,T,decreased affinity
1152,1.08,H56(CDR-H2),HL,A,H,3.453,N,57,T,increased affinity
1153,-1.1,H56(CDR-H2),HL,A,H,3.453,P,57,T,decreased affinity
1154,0.95,H56(CDR-H2),HL,A,H,3.453,Q,57,T,increased affinity
1155,1.03,H56(CDR-H2),HL,A,H,3.453,R,57,T,increased affinity
1156,1.16,H56(CDR-H2),HL,A,H,3.453,S,57,T,increased affinity
1157,-0.54,H56(CDR-H2),HL,A,H,3.453,V,57,T,decreased affinity
1158,1.47,H56(CDR-H2),HL,A,H,3.453,W,57,T,increased affinity
1159,1.7,H56(CDR-H2),HL,A,H,3.453,Y,57,T,increased affinity
1160,-0.62,H57(HFR3),HL,A,H,4.417,A,58,P,decreased affinity
1161,-0.13,H57(HFR3),HL,A,H,4.417,C,58,P,decreased affinity
1162,0.42,H57(HFR3),HL,A,H,4.417,D,58,P,increased affinity
1163,0.45,H57(HFR3),HL,A,H,4.417,E,58,P,increased affinity
1164,-0.24,H57(HFR3),HL,A,H,4.417,F,58,P,decreased affinity
1165,-1.13,H57(HFR3),HL,A,H,4.417,G,58,P,decreased affinity
1166,-0.69,H57(HFR3),HL,A,H,4.417,H,58,P,decreased affinity
1167,0.13,H57(HFR3),HL,A,H,4.417,I,58,P,increased affinity
1168,0.06,H57(HFR3),HL,A,H,4.417,K,58,P,increased affinity
1169,-0.68,H57(HFR3),HL,A,H,4.417,L,58,P,decreased affinity
1170,-0.78,H57(HFR3),HL,A,H,4.417,M,58,P,decreased affinity
1171,0.38,H57(HFR3),HL,A,H,4.417,N,58,P,increased affinity
1172,0.29,H57(HFR3),HL,A,H,4.417,Q,58,P,increased affinity
1173,0.64,H57(HFR3),HL,A,H,4.417,R,58,P,increased affinity
1174,0.23,H57(HFR3),HL,A,H,4.417,S,58,P,increased affinity
1175,0.94,H57(HFR3),HL,A,H,4.417,T,58,P,increased affinity
1176,-0.63,H57(HFR3),HL,A,H,4.417,V,58,P,decreased affinity
1177,-0.56,H57(HFR3),HL,A,H,4.417,W,58,P,decreased affinity
1178,-0.45,H57(HFR3),HL,A,H,4.417,Y,58,P,decreased affinity
1179,-0.97,H58(HFR3),HL,A,H,3.412,A,59,N,decreased affinity
1180,-0.87,H58(HFR3),HL,A,H,3.412,C,59,N,decreased affinity
1181,0.44,H58(HFR3),HL,A,H,3.412,D,59,N,increased affinity
1182,0.46,H58(HFR3),HL,A,H,3.412,E,59,N,increased affinity
1183,0.17,H58(HFR3),HL,A,H,3.412,F,59,N,increased affinity
1184,-1.64,H58(HFR3),HL,A,H,3.412,G,59,N,decreased affinity
1185,-0.49,H58(HFR3),HL,A,H,3.412,H,59,N,decreased affinity
1186,-0.1,H58(HFR3),HL,A,H,3.412,I,59,N,decreased affinity
1187,-0.27,H58(HFR3),HL,A,H,3.412,K,59,N,decreased affinity
1188,-0.58,H58(HFR3),HL,A,H,3.412,L,59,N,decreased affinity
1189,-0.94,H58(HFR3),HL,A,H,3.412,M,59,N,decreased affinity
1190,-1.12,H58(HFR3),HL,A,H,3.412,P,59,N,decreased affinity
1191,-0.72,H58(HFR3),HL,A,H,3.412,Q,59,N,decreased affinity
1192,-0.2,H58(HFR3),HL,A,H,3.412,R,59,N,decreased affinity
1193,-0.11,H58(HFR3),HL,A,H,3.412,S,59,N,decreased affinity
1194,0.11,H58(HFR3),HL,A,H,3.412,T,59,N,increased affinity
1195,-0.24,H58(HFR3),HL,A,H,3.412,V,59,N,decreased affinity
1196,0.34,H58(HFR3),HL,A,H,3.412,W,59,N,increased affinity
1197,1.78,H58(HFR3),HL,A,H,3.412,Y,59,N,increased affinity
1198,-1.6,H94(HFR3),HL,A,H,5.901,A,98,R,decreased affinity
1199,-1.35,H94(HFR3),HL,A,H,5.901,C,98,R,decreased affinity
1200,-1.01,H94(HFR3),HL,A,H,5.901,D,98,R,decreased affinity
1201,-1.16,H94(HFR3),HL,A,H,5.901,E,98,R,decreased affinity
1202,-0.22,H94(HFR3),HL,A,H,5.901,F,98,R,decreased affinity
1203,-2.02,H94(HFR3),HL,A,H,5.901,G,98,R,decreased affinity
1204,0.26,H94(HFR3),HL,A,H,5.901,H,98,R,increased affinity
1205,-0.86,H94(HFR3),HL,A,H,5.901,I,98,R,decreased affinity
1206,-0.33,H94(HFR3),HL,A,H,5.901,K,98,R,decreased affinity
1207,-0.46,H94(HFR3),HL,A,H,5.901,L,98,R,decreased affinity
1208,-1.99,H94(HFR3),HL,A,H,5.901,M,98,R,decreased affinity
1209,-1.07,H94(HFR3),HL,A,H,5.901,N,98,R,decreased affinity
1210,-1.02,H94(HFR3),HL,A,H,5.901,P,98,R,decreased affinity
1211,-0.21,H94(HFR3),HL,A,H,5.901,Q,98,R,decreased affinity
1212,-1.63,H94(HFR3),HL,A,H,5.901,S,98,R,decreased affinity
1213,-1.54,H94(HFR3),HL,A,H,5.901,T,98,R,decreased affinity
1214,-1.5,H94(HFR3),HL,A,H,5.901,V,98,R,decreased affinity
1215,-0.24,H94(HFR3),HL,A,H,5.901,W,98,R,decreased affinity
1216,0.0,H94(HFR3),HL,A,H,5.901,Y,98,R,increased affinity
1217,-3.8,H95(CDR-H3),HL,A,H,2.788,A,99,E,decreased affinity
1218,-3.29,H95(CDR-H3),HL,A,H,2.788,C,99,E,decreased affinity
1219,0.99,H95(CDR-H3),HL,A,H,2.788,D,99,E,increased affinity
1220,-0.98,H95(CDR-H3),HL,A,H,2.788,F,99,E,decreased affinity
1221,-3.35,H95(CDR-H3),HL,A,H,2.788,G,99,E,decreased affinity
1222,-1.58,H95(CDR-H3),HL,A,H,2.788,H,99,E,decreased affinity
1223,-1.94,H95(CDR-H3),HL,A,H,2.788,I,99,E,decreased affinity
1224,-2.97,H95(CDR-H3),HL,A,H,2.788,K,99,E,decreased affinity
1225,-2.27,H95(CDR-H3),HL,A,H,2.788,L,99,E,decreased affinity
1226,-3.14,H95(CDR-H3),HL,A,H,2.788,M,99,E,decreased affinity
1227,-1.52,H95(CDR-H3),HL,A,H,2.788,N,99,E,decreased affinity
1228,-2.88,H95(CDR-H3),HL,A,H,2.788,P,99,E,decreased affinity
1229,-2.16,H95(CDR-H3),HL,A,H,2.788,Q,99,E,decreased affinity
1230,-2.15,H95(CDR-H3),HL,A,H,2.788,R,99,E,decreased affinity
1231,-2.85,H95(CDR-H3),HL,A,H,2.788,S,99,E,decreased affinity
1232,-2.78,H95(CDR-H3),HL,A,H,2.788,T,99,E,decreased affinity
1233,-2.69,H95(CDR-H3),HL,A,H,2.788,V,99,E,decreased affinity
1234,1.36,H95(CDR-H3),HL,A,H,2.788,W,99,E,increased affinity
1235,0.2,H95(CDR-H3),HL,A,H,2.788,Y,99,E,increased affinity
1236,-1.31,L24(CDR-L1),HL,A,L,8.905,A,24,R,decreased affinity
1237,-1.26,L24(CDR-L1),HL,A,L,8.905,C,24,R,decreased affinity
1238,-0.67,L24(CDR-L1),HL,A,L,8.905,D,24,R,decreased affinity
1239,-1.04,L24(CDR-L1),HL,A,L,8.905,E,24,R,decreased affinity
1240,-0.51,L24(CDR-L1),HL,A,L,8.905,F,24,R,decreased affinity
1241,-1.37,L24(CDR-L1),HL,A,L,8.905,G,24,R,decreased affinity
1242,-0.36,L24(CDR-L1),HL,A,L,8.905,H,24,R,decreased affinity
1243,-0.79,L24(CDR-L1),HL,A,L,8.905,I,24,R,decreased affinity
1244,-0.72,L24(CDR-L1),HL,A,L,8.905,K,24,R,decreased affinity
1245,-0.88,L24(CDR-L1),HL,A,L,8.905,L,24,R,decreased affinity
1246,-1.16,L24(CDR-L1),HL,A,L,8.905,M,24,R,decreased affinity
1247,-0.55,L24(CDR-L1),HL,A,L,8.905,N,24,R,decreased affinity
1248,-1.05,L24(CDR-L1),HL,A,L,8.905,P,24,R,decreased affinity
1249,-0.65,L24(CDR-L1),HL,A,L,8.905,Q,24,R,decreased affinity
1250,-1.04,L24(CDR-L1),HL,A,L,8.905,S,24,R,decreased affinity
1251,-0.99,L24(CDR-L1),HL,A,L,8.905,T,24,R,decreased affinity
1252,-1.0,L24(CDR-L1),HL,A,L,8.905,V,24,R,decreased affinity
1253,-0.53,L24(CDR-L1),HL,A,L,8.905,W,24,R,decreased affinity
1254,-0.53,L24(CDR-L1),HL,A,L,8.905,Y,24,R,decreased affinity
1255,-0.02,L26(CDR-L1),HL,A,L,5.451,A,26,S,decreased affinity
1256,-0.17,L26(CDR-L1),HL,A,L,5.451,C,26,S,decreased affinity
1257,0.92,L26(CDR-L1),HL,A,L,5.451,D,26,S,increased affinity
1258,-0.46,L26(CDR-L1),HL,A,L,5.451,E,26,S,decreased affinity
1259,-0.31,L26(CDR-L1),HL,A,L,5.451,F,26,S,decreased affinity
1260,-0.42,L26(CDR-L1),HL,A,L,5.451,G,26,S,decreased affinity
1261,-0.39,L26(CDR-L1),HL,A,L,5.451,H,26,S,decreased affinity
1262,-0.18,L26(CDR-L1),HL,A,L,5.451,I,26,S,decreased affinity
1263,-0.34,L26(CDR-L1),HL,A,L,5.451,K,26,S,decreased affinity
1264,-0.32,L26(CDR-L1),HL,A,L,5.451,L,26,S,decreased affinity
1265,-0.6,L26(CDR-L1),HL,A,L,5.451,M,26,S,decreased affinity
1266,-0.07,L26(CDR-L1),HL,A,L,5.451,N,26,S,decreased affinity
1267,-0.11,L26(CDR-L1),HL,A,L,5.451,P,26,S,decreased affinity
1268,-0.66,L26(CDR-L1),HL,A,L,5.451,Q,26,S,decreased affinity
1269,-1.23,L26(CDR-L1),HL,A,L,5.451,R,26,S,decreased affinity
1270,-0.05,L26(CDR-L1),HL,A,L,5.451,T,26,S,decreased affinity
1271,-0.17,L26(CDR-L1),HL,A,L,5.451,V,26,S,decreased affinity
1272,-0.38,L26(CDR-L1),HL,A,L,5.451,W,26,S,decreased affinity
1273,-0.3,L26(CDR-L1),HL,A,L,5.451,Y,26,S,decreased affinity
1274,-0.3,L27(CDR-L1),HL,A,L,3.622,A,27,Q,decreased affinity
1275,-0.5,L27(CDR-L1),HL,A,L,3.622,C,27,Q,decreased affinity
1276,-0.27,L27(CDR-L1),HL,A,L,3.622,D,27,Q,decreased affinity
1277,0.3,L27(CDR-L1),HL,A,L,3.622,E,27,Q,increased affinity
1278,-0.28,L27(CDR-L1),HL,A,L,3.622,F,27,Q,decreased affinity
1279,-0.6,L27(CDR-L1),HL,A,L,3.622,G,27,Q,decreased affinity
1280,-0.18,L27(CDR-L1),HL,A,L,3.622,H,27,Q,decreased affinity
1281,-0.34,L27(CDR-L1),HL,A,L,3.622,I,27,Q,decreased affinity
1282,-0.29,L27(CDR-L1),HL,A,L,3.622,K,27,Q,decreased affinity
1283,-0.18,L27(CDR-L1),HL,A,L,3.622,L,27,Q,decreased affinity
1284,-0.6,L27(CDR-L1),HL,A,L,3.622,M,27,Q,decreased affinity
1285,-0.13,L27(CDR-L1),HL,A,L,3.622,N,27,Q,decreased affinity
1286,-0.38,L27(CDR-L1),HL,A,L,3.622,P,27,Q,decreased affinity
1287,-1.16,L27(CDR-L1),HL,A,L,3.622,R,27,Q,decreased affinity
1288,0.01,L27(CDR-L1),HL,A,L,3.622,S,27,Q,increased affinity
1289,-0.08,L27(CDR-L1),HL,A,L,3.622,T,27,Q,decreased affinity
1290,-0.24,L27(CDR-L1),HL,A,L,3.622,V,27,Q,decreased affinity
1291,-0.08,L27(CDR-L1),HL,A,L,3.622,W,27,Q,decreased affinity
1292,-0.25,L27(CDR-L1),HL,A,L,3.622,Y,27,Q,decreased affinity
1293,-2.11,L28(CDR-L1),HL,A,L,3.894,A,28,S,decreased affinity
1294,-1.23,L28(CDR-L1),HL,A,L,3.894,C,28,S,decreased affinity
1295,0.38,L28(CDR-L1),HL,A,L,3.894,D,28,S,increased affinity
1296,-0.42,L28(CDR-L1),HL,A,L,3.894,E,28,S,decreased affinity
1297,-3.24,L28(CDR-L1),HL,A,L,3.894,F,28,S,decreased affinity
1298,-1.57,L28(CDR-L1),HL,A,L,3.894,G,28,S,decreased affinity
1299,-2.48,L28(CDR-L1),HL,A,L,3.894,H,28,S,decreased affinity
1300,-3.07,L28(CDR-L1),HL,A,L,3.894,I,28,S,decreased affinity
1301,-1.76,L28(CDR-L1),HL,A,L,3.894,K,28,S,decreased affinity
1302,-3.05,L28(CDR-L1),HL,A,L,3.894,L,28,S,decreased affinity
1303,-3.63,L28(CDR-L1),HL,A,L,3.894,M,28,S,decreased affinity
1304,-0.2,L28(CDR-L1),HL,A,L,3.894,N,28,S,decreased affinity
1305,-2.63,L28(CDR-L1),HL,A,L,3.894,P,28,S,decreased affinity
1306,-0.59,L28(CDR-L1),HL,A,L,3.894,Q,28,S,decreased affinity
1307,-0.03,L28(CDR-L1),HL,A,L,3.894,R,28,S,decreased affinity
1308,-1.49,L28(CDR-L1),HL,A,L,3.894,T,28,S,decreased affinity
1309,-3.12,L28(CDR-L1),HL,A,L,3.894,V,28,S,decreased affinity
1310,-2.25,L28(CDR-L1),HL,A,L,3.894,W,28,S,decreased affinity
1311,-2.94,L28(CDR-L1),HL,A,L,3.894,Y,28,S,decreased affinity
1312,-2.5,L29(CDR-L1),HL,A,L,3.747,A,29,V,decreased affinity
1313,0.87,L29(CDR-L1),HL,A,L,3.747,C,29,V,increased affinity
1314,-0.19,L29(CDR-L1),HL,A,L,3.747,D,29,V,decreased affinity
1315,1.94,L29(CDR-L1),HL,A,L,3.747,E,29,V,increased affinity
1316,0.68,L29(CDR-L1),HL,A,L,3.747,F,29,V,increased affinity
1317,-2.79,L29(CDR-L1),HL,A,L,3.747,G,29,V,decreased affinity
1318,-0.91,L29(CDR-L1),HL,A,L,3.747,H,29,V,decreased affinity
1319,1.14,L29(CDR-L1),HL,A,L,3.747,I,29,V,increased affinity
1320,0.83,L29(CDR-L1),HL,A,L,3.747,K,29,V,increased affinity
1321,-2.0,L29(CDR-L1),HL,A,L,3.747,L,29,V,decreased affinity
1322,-2.08,L29(CDR-L1),HL,A,L,3.747,M,29,V,decreased affinity
1323,0.25,L29(CDR-L1),HL,A,L,3.747,N,29,V,increased affinity
1324,-1.56,L29(CDR-L1),HL,A,L,3.747,P,29,V,decreased affinity
1325,0.76,L29(CDR-L1),HL,A,L,3.747,Q,29,V,increased affinity
1326,2.13,L29(CDR-L1),HL,A,L,3.747,R,29,V,increased affinity
1327,0.34,L29(CDR-L1),HL,A,L,3.747,S,29,V,increased affinity
1328,0.84,L29(CDR-L1),HL,A,L,3.747,T,29,V,increased affinity
1329,1.84,L29(CDR-L1),HL,A,L,3.747,W,29,V,increased affinity
1330,1.54,L29(CDR-L1),HL,A,L,3.747,Y,29,V,increased affinity
1331,-2.28,L30(CDR-L1),HL,A,L,3.359,A,30,S,decreased affinity
1332,-2.12,L30(CDR-L1),HL,A,L,3.359,C,30,S,decreased affinity
1333,-2.65,L30(CDR-L1),HL,A,L,3.359,D,30,S,decreased affinity
1334,-2.67,L30(CDR-L1),HL,A,L,3.359,E,30,S,decreased affinity
1335,-2.03,L30(CDR-L1),HL,A,L,3.359,F,30,S,decreased affinity
1336,-1.31,L30(CDR-L1),HL,A,L,3.359,G,30,S,decreased affinity
1337,-1.48,L30(CDR-L1),HL,A,L,3.359,H,30,S,decreased affinity
1338,-3.34,L30(CDR-L1),HL,A,L,3.359,I,30,S,decreased affinity
1339,-2.37,L30(CDR-L1),HL,A,L,3.359,K,30,S,decreased affinity
1340,-3.0,L30(CDR-L1),HL,A,L,3.359,L,30,S,decreased affinity
1341,-3.37,L30(CDR-L1),HL,A,L,3.359,M,30,S,decreased affinity
1342,-1.43,L30(CDR-L1),HL,A,L,3.359,N,30,S,decreased affinity
1343,-3.05,L30(CDR-L1),HL,A,L,3.359,P,30,S,decreased affinity
1344,-0.59,L30(CDR-L1),HL,A,L,3.359,Q,30,S,decreased affinity
1345,0.0,L30(CDR-L1),HL,A,L,3.359,R,30,S,increased affinity
1346,-1.56,L30(CDR-L1),HL,A,L,3.359,T,30,S,decreased affinity
1347,-3.17,L30(CDR-L1),HL,A,L,3.359,V,30,S,decreased affinity
1348,-1.8,L30(CDR-L1),HL,A,L,3.359,W,30,S,decreased affinity
1349,-1.74,L30(CDR-L1),HL,A,L,3.359,Y,30,S,decreased affinity
1350,-0.47,L30A(CDR-L1),HL,A,L,4.494,A,31,S,decreased affinity
1351,-0.59,L30A(CDR-L1),HL,A,L,4.494,C,31,S,decreased affinity
1352,0.01,L30A(CDR-L1),HL,A,L,4.494,D,31,S,increased affinity
1353,0.14,L30A(CDR-L1),HL,A,L,4.494,E,31,S,increased affinity
1354,-0.4,L30A(CDR-L1),HL,A,L,4.494,F,31,S,decreased affinity
1355,-0.68,L30A(CDR-L1),HL,A,L,4.494,G,31,S,decreased affinity
1356,-0.41,L30A(CDR-L1),HL,A,L,4.494,H,31,S,decreased affinity
1357,-0.73,L30A(CDR-L1),HL,A,L,4.494,I,31,S,decreased affinity
1358,-0.35,L30A(CDR-L1),HL,A,L,4.494,K,31,S,decreased affinity
1359,-0.47,L30A(CDR-L1),HL,A,L,4.494,L,31,S,decreased affinity
1360,-0.61,L30A(CDR-L1),HL,A,L,4.494,M,31,S,decreased affinity
1361,1.23,L30A(CDR-L1),HL,A,L,4.494,N,31,S,increased affinity
1362,-0.44,L30A(CDR-L1),HL,A,L,4.494,P,31,S,decreased affinity
1363,-0.35,L30A(CDR-L1),HL,A,L,4.494,Q,31,S,decreased affinity
1364,-0.78,L30A(CDR-L1),HL,A,L,4.494,R,31,S,decreased affinity
1365,-0.46,L30A(CDR-L1),HL,A,L,4.494,T,31,S,decreased affinity
1366,-0.69,L30A(CDR-L1),HL,A,L,4.494,V,31,S,decreased affinity
1367,-0.4,L30A(CDR-L1),HL,A,L,4.494,W,31,S,decreased affinity
1368,-0.42,L30A(CDR-L1),HL,A,L,4.494,Y,31,S,decreased affinity
1369,-0.38,L31(CDR-L1),HL,A,L,6.453,A,32,S,decreased affinity
1370,-0.8,L31(CDR-L1),HL,A,L,6.453,C,32,S,decreased affinity
1371,0.42,L31(CDR-L1),HL,A,L,6.453,D,32,S,increased affinity
1372,-0.07,L31(CDR-L1),HL,A,L,6.453,E,32,S,decreased affinity
1373,-0.17,L31(CDR-L1),HL,A,L,6.453,F,32,S,decreased affinity
1374,-0.26,L31(CDR-L1),HL,A,L,6.453,G,32,S,decreased affinity
1375,-0.38,L31(CDR-L1),HL,A,L,6.453,H,32,S,decreased affinity
1376,-0.22,L31(CDR-L1),HL,A,L,6.453,I,32,S,decreased affinity
1377,-0.19,L31(CDR-L1),HL,A,L,6.453,K,32,S,decreased affinity
1378,-0.23,L31(CDR-L1),HL,A,L,6.453,L,32,S,decreased affinity
1379,-0.68,L31(CDR-L1),HL,A,L,6.453,M,32,S,decreased affinity
1380,1.42,L31(CDR-L1),HL,A,L,6.453,N,32,S,increased affinity
1381,-0.27,L31(CDR-L1),HL,A,L,6.453,P,32,S,decreased affinity
1382,-0.41,L31(CDR-L1),HL,A,L,6.453,Q,32,S,decreased affinity
1383,0.42,L31(CDR-L1),HL,A,L,6.453,R,32,S,increased affinity
1384,0.2,L31(CDR-L1),HL,A,L,6.453,T,32,S,increased affinity
1385,-0.29,L31(CDR-L1),HL,A,L,6.453,V,32,S,decreased affinity
1386,0.3,L31(CDR-L1),HL,A,L,6.453,W,32,S,increased affinity
1387,0.05,L31(CDR-L1),HL,A,L,6.453,Y,32,S,increased affinity
1388,-3.73,L32(CDR-L1),HL,A,L,2.802,A,33,Y,decreased affinity
1389,-2.85,L32(CDR-L1),HL,A,L,2.802,C,33,Y,decreased affinity
1390,-1.55,L32(CDR-L1),HL,A,L,2.802,D,33,Y,decreased affinity
1391,-0.28,L32(CDR-L1),HL,A,L,2.802,E,33,Y,decreased affinity
1392,-1.8,L32(CDR-L1),HL,A,L,2.802,F,33,Y,decreased affinity
1393,-3.74,L32(CDR-L1),HL,A,L,2.802,G,33,Y,decreased affinity
1394,-1.79,L32(CDR-L1),HL,A,L,2.802,H,33,Y,decreased affinity
1395,-2.59,L32(CDR-L1),HL,A,L,2.802,I,33,Y,decreased affinity
1396,-1.33,L32(CDR-L1),HL,A,L,2.802,K,33,Y,decreased affinity
1397,-2.72,L32(CDR-L1),HL,A,L,2.802,L,33,Y,decreased affinity
1398,-2.04,L32(CDR-L1),HL,A,L,2.802,M,33,Y,decreased affinity
1399,-0.75,L32(CDR-L1),HL,A,L,2.802,N,33,Y,decreased affinity
1400,-3.06,L32(CDR-L1),HL,A,L,2.802,P,33,Y,decreased affinity
1401,-0.48,L32(CDR-L1),HL,A,L,2.802,Q,33,Y,decreased affinity
1402,0.81,L32(CDR-L1),HL,A,L,2.802,R,33,Y,increased affinity
1403,-2.37,L32(CDR-L1),HL,A,L,2.802,S,33,Y,decreased affinity
1404,-2.14,L32(CDR-L1),HL,A,L,2.802,T,33,Y,decreased affinity
1405,-2.66,L32(CDR-L1),HL,A,L,2.802,V,33,Y,decreased affinity
1406,-2.7,L32(CDR-L1),HL,A,L,2.802,W,33,Y,decreased affinity
1407,-0.14,L67(LFR3),HL,A,L,4.34,A,68,S,decreased affinity
1408,-0.27,L67(LFR3),HL,A,L,4.34,C,68,S,decreased affinity
1409,0.02,L67(LFR3),HL,A,L,4.34,D,68,S,increased affinity
1410,0.05,L67(LFR3),HL,A,L,4.34,E,68,S,increased affinity
1411,-0.31,L67(LFR3),HL,A,L,4.34,F,68,S,decreased affinity
1412,-0.15,L67(LFR3),HL,A,L,4.34,G,68,S,decreased affinity
1413,-0.36,L67(LFR3),HL,A,L,4.34,H,68,S,decreased affinity
1414,-0.08,L67(LFR3),HL,A,L,4.34,I,68,S,decreased affinity
1415,-0.23,L67(LFR3),HL,A,L,4.34,K,68,S,decreased affinity
1416,-0.17,L67(LFR3),HL,A,L,4.34,L,68,S,decreased affinity
1417,-0.42,L67(LFR3),HL,A,L,4.34,M,68,S,decreased affinity
1418,-0.16,L67(LFR3),HL,A,L,4.34,N,68,S,decreased affinity
1419,-0.1,L67(LFR3),HL,A,L,4.34,P,68,S,decreased affinity
1420,-0.17,L67(LFR3),HL,A,L,4.34,Q,68,S,decreased affinity
1421,-0.36,L67(LFR3),HL,A,L,4.34,R,68,S,decreased affinity
1422,-0.09,L67(LFR3),HL,A,L,4.34,T,68,S,decreased affinity
1423,-0.15,L67(LFR3),HL,A,L,4.34,V,68,S,decreased affinity
1424,-0.38,L67(LFR3),HL,A,L,4.34,W,68,S,decreased affinity
1425,-0.17,L67(LFR3),HL,A,L,4.34,Y,68,S,decreased affinity
1426,-0.43,L68(LFR3),HL,A,L,3.61,A,69,G,decreased affinity
1427,0.17,L68(LFR3),HL,A,L,3.61,C,69,G,increased affinity
1428,1.03,L68(LFR3),HL,A,L,3.61,D,69,G,increased affinity
1429,0.94,L68(LFR3),HL,A,L,3.61,E,69,G,increased affinity
1430,0.34,L68(LFR3),HL,A,L,3.61,F,69,G,increased affinity
1431,0.39,L68(LFR3),HL,A,L,3.61,H,69,G,increased affinity
1432,0.02,L68(LFR3),HL,A,L,3.61,I,69,G,increased affinity
1433,0.72,L68(LFR3),HL,A,L,3.61,K,69,G,increased affinity
1434,-0.4,L68(LFR3),HL,A,L,3.61,L,69,G,decreased affinity
1435,0.09,L68(LFR3),HL,A,L,3.61,M,69,G,increased affinity
1436,0.46,L68(LFR3),HL,A,L,3.61,N,69,G,increased affinity
1437,-0.19,L68(LFR3),HL,A,L,3.61,P,69,G,decreased affinity
1438,0.66,L68(LFR3),HL,A,L,3.61,Q,69,G,increased affinity
1439,1.01,L68(LFR3),HL,A,L,3.61,R,69,G,increased affinity
1440,0.36,L68(LFR3),HL,A,L,3.61,S,69,G,increased affinity
1441,0.53,L68(LFR3),HL,A,L,3.61,T,69,G,increased affinity
1442,-0.08,L68(LFR3),HL,A,L,3.61,V,69,G,decreased affinity
1443,1.27,L68(LFR3),HL,A,L,3.61,W,69,G,increased affinity
1444,0.98,L68(LFR3),HL,A,L,3.61,Y,69,G,increased affinity
1445,-0.58,L69(LFR3),HL,A,L,5.906,A,70,T,decreased affinity
1446,-0.63,L69(LFR3),HL,A,L,5.906,C,70,T,decreased affinity
1447,1.12,L69(LFR3),HL,A,L,5.906,D,70,T,increased affinity
1448,1.29,L69(LFR3),HL,A,L,5.906,E,70,T,increased affinity
1449,-0.33,L69(LFR3),HL,A,L,5.906,F,70,T,decreased affinity
1450,-0.95,L69(LFR3),HL,A,L,5.906,G,70,T,decreased affinity
1451,-0.35,L69(LFR3),HL,A,L,5.906,H,70,T,decreased affinity
1452,-0.14,L69(LFR3),HL,A,L,5.906,I,70,T,decreased affinity
1453,-0.32,L69(LFR3),HL,A,L,5.906,K,70,T,decreased affinity
1454,-0.12,L69(LFR3),HL,A,L,5.906,L,70,T,decreased affinity
1455,-0.42,L69(LFR3),HL,A,L,5.906,M,70,T,decreased affinity
1456,0.74,L69(LFR3),HL,A,L,5.906,N,70,T,increased affinity
1457,-0.14,L69(LFR3),HL,A,L,5.906,P,70,T,decreased affinity
1458,-0.1,L69(LFR3),HL,A,L,5.906,Q,70,T,decreased affinity
1459,-0.66,L69(LFR3),HL,A,L,5.906,R,70,T,decreased affinity
1460,-0.51,L69(LFR3),HL,A,L,5.906,S,70,T,decreased affinity
1461,-0.12,L69(LFR3),HL,A,L,5.906,V,70,T,decreased affinity
1462,-0.07,L69(LFR3),HL,A,L,5.906,W,70,T,decreased affinity
1463,-0.19,L69(LFR3),HL,A,L,5.906,Y,70,T,decreased affinity
1464,-0.45,L70(LFR3),HL,A,L,7.961,A,71,D,decreased affinity
1465,-0.62,L70(LFR3),HL,A,L,7.961,C,71,D,decreased affinity
1466,-0.12,L70(LFR3),HL,A,L,7.961,E,71,D,decreased affinity
1467,-0.44,L70(LFR3),HL,A,L,7.961,F,71,D,decreased affinity
1468,-0.45,L70(LFR3),HL,A,L,7.961,G,71,D,decreased affinity
1469,-0.89,L70(LFR3),HL,A,L,7.961,H,71,D,decreased affinity
1470,-0.4,L70(LFR3),HL,A,L,7.961,I,71,D,decreased affinity
1471,-0.46,L70(LFR3),HL,A,L,7.961,K,71,D,decreased affinity
1472,-0.36,L70(LFR3),HL,A,L,7.961,L,71,D,decreased affinity
1473,-0.45,L70(LFR3),HL,A,L,7.961,M,71,D,decreased affinity
1474,-0.22,L70(LFR3),HL,A,L,7.961,N,71,D,decreased affinity
1475,-0.45,L70(LFR3),HL,A,L,7.961,P,71,D,decreased affinity
1476,-0.45,L70(LFR3),HL,A,L,7.961,Q,71,D,decreased affinity
1477,-1.71,L70(LFR3),HL,A,L,7.961,R,71,D,decreased affinity
1478,-0.55,L70(LFR3),HL,A,L,7.961,S,71,D,decreased affinity
1479,-0.38,L70(LFR3),HL,A,L,7.961,T,71,D,decreased affinity
1480,-0.44,L70(LFR3),HL,A,L,7.961,V,71,D,decreased affinity
1481,-0.66,L70(LFR3),HL,A,L,7.961,W,71,D,decreased affinity
1482,-0.46,L70(LFR3),HL,A,L,7.961,Y,71,D,decreased affinity
1483,-4.41,L90(CDR-L3),HL,A,L,4.746,A,91,Q,decreased affinity
1484,-4.0,L90(CDR-L3),HL,A,L,4.746,C,91,Q,decreased affinity
1485,-3.2,L90(CDR-L3),HL,A,L,4.746,D,91,Q,decreased affinity
1486,-3.08,L90(CDR-L3),HL,A,L,4.746,E,91,Q,decreased affinity
1487,-3.38,L90(CDR-L3),HL,A,L,4.746,F,91,Q,decreased affinity
1488,-4.67,L90(CDR-L3),HL,A,L,4.746,G,91,Q,decreased affinity
1489,-2.39,L90(CDR-L3),HL,A,L,4.746,H,91,Q,decreased affinity
1490,-3.8,L90(CDR-L3),HL,A,L,4.746,I,91,Q,decreased affinity
1491,-2.16,L90(CDR-L3),HL,A,L,4.746,K,91,Q,decreased affinity
1492,-3.3,L90(CDR-L3),HL,A,L,4.746,L,91,Q,decreased affinity
1493,-3.72,L90(CDR-L3),HL,A,L,4.746,M,91,Q,decreased affinity
1494,-2.9,L90(CDR-L3),HL,A,L,4.746,N,91,Q,decreased affinity
1495,-4.88,L90(CDR-L3),HL,A,L,4.746,P,91,Q,decreased affinity
1496,1.63,L90(CDR-L3),HL,A,L,4.746,R,91,Q,increased affinity
1497,-3.02,L90(CDR-L3),HL,A,L,4.746,S,91,Q,decreased affinity
1498,-3.67,L90(CDR-L3),HL,A,L,4.746,T,91,Q,decreased affinity
1499,-4.36,L90(CDR-L3),HL,A,L,4.746,V,91,Q,decreased affinity
1500,-1.26,L90(CDR-L3),HL,A,L,4.746,W,91,Q,decreased affinity
1501,-0.66,L90(CDR-L3),HL,A,L,4.746,Y,91,Q,decreased affinity
1502,-3.22,L91(CDR-L3),HL,A,L,2.678,A,92,Y,decreased affinity
1503,-2.59,L91(CDR-L3),HL,A,L,2.678,C,92,Y,decreased affinity
1504,-1.8,L91(CDR-L3),HL,A,L,2.678,D,92,Y,decreased affinity
1505,-2.08,L91(CDR-L3),HL,A,L,2.678,E,92,Y,decreased affinity
1506,-1.08,L91(CDR-L3),HL,A,L,2.678,F,92,Y,decreased affinity
1507,-3.24,L91(CDR-L3),HL,A,L,2.678,G,92,Y,decreased affinity
1508,-0.78,L91(CDR-L3),HL,A,L,2.678,H,92,Y,decreased affinity
1509,-2.52,L91(CDR-L3),HL,A,L,2.678,I,92,Y,decreased affinity
1510,-1.98,L91(CDR-L3),HL,A,L,2.678,K,92,Y,decreased affinity
1511,-2.68,L91(CDR-L3),HL,A,L,2.678,L,92,Y,decreased affinity
1512,-2.73,L91(CDR-L3),HL,A,L,2.678,M,92,Y,decreased affinity
1513,-0.77,L91(CDR-L3),HL,A,L,2.678,N,92,Y,decreased affinity
1514,-2.88,L91(CDR-L3),HL,A,L,2.678,P,92,Y,decreased affinity
1515,-0.62,L91(CDR-L3),HL,A,L,2.678,Q,92,Y,decreased affinity
1516,1.04,L91(CDR-L3),HL,A,L,2.678,R,92,Y,increased affinity
1517,-2.63,L91(CDR-L3),HL,A,L,2.678,S,92,Y,decreased affinity
1518,-2.05,L91(CDR-L3),HL,A,L,2.678,T,92,Y,decreased affinity
1519,-2.63,L91(CDR-L3),HL,A,L,2.678,V,92,Y,decreased affinity
1520,1.63,L91(CDR-L3),HL,A,L,2.678,W,92,Y,increased affinity
1521,-1.15,L92(CDR-L3),HL,A,L,3.255,A,93,G,decreased affinity
1522,0.52,L92(CDR-L3),HL,A,L,3.255,C,93,G,increased affinity
1523,2.27,L92(CDR-L3),HL,A,L,3.255,D,93,G,increased affinity
1524,2.22,L92(CDR-L3),HL,A,L,3.255,E,93,G,increased affinity
1525,0.21,L92(CDR-L3),HL,A,L,3.255,F,93,G,increased affinity
1526,1.57,L92(CDR-L3),HL,A,L,3.255,H,93,G,increased affinity
1527,0.58,L92(CDR-L3),HL,A,L,3.255,I,93,G,increased affinity
1528,2.63,L92(CDR-L3),HL,A,L,3.255,K,93,G,increased affinity
1529,-0.09,L92(CDR-L3),HL,A,L,3.255,L,93,G,decreased affinity
1530,1.13,L92(CDR-L3),HL,A,L,3.255,M,93,G,increased affinity
1531,1.66,L92(CDR-L3),HL,A,L,3.255,N,93,G,increased affinity
1532,-0.58,L92(CDR-L3),HL,A,L,3.255,P,93,G,decreased affinity
1533,1.4,L92(CDR-L3),HL,A,L,3.255,Q,93,G,increased affinity
1534,1.71,L92(CDR-L3),HL,A,L,3.255,R,93,G,increased affinity
1535,1.0,L92(CDR-L3),HL,A,L,3.255,S,93,G,increased affinity
1536,0.84,L92(CDR-L3),HL,A,L,3.255,T,93,G,increased affinity
1537,-0.16,L92(CDR-L3),HL,A,L,3.255,V,93,G,decreased affinity
1538,2.7,L92(CDR-L3),HL,A,L,3.255,W,93,G,increased affinity
1539,2.03,L92(CDR-L3),HL,A,L,3.255,Y,93,G,increased affinity
1540,-1.72,L93(CDR-L3),HL,A,L,3.222,A,94,S,decreased affinity
1541,-1.73,L93(CDR-L3),HL,A,L,3.222,C,94,S,decreased affinity
1542,-0.71,L93(CDR-L3),HL,A,L,3.222,D,94,S,decreased affinity
1543,-0.02,L93(CDR-L3),HL,A,L,3.222,E,94,S,decreased affinity
1544,-1.11,L93(CDR-L3),HL,A,L,3.222,F,94,S,decreased affinity
1545,-1.36,L93(CDR-L3),HL,A,L,3.222,G,94,S,decreased affinity
1546,-2.07,L93(CDR-L3),HL,A,L,3.222,H,94,S,decreased affinity
1547,-2.21,L93(CDR-L3),HL,A,L,3.222,I,94,S,decreased affinity
1548,-2.18,L93(CDR-L3),HL,A,L,3.222,K,94,S,decreased affinity
1549,-2.13,L93(CDR-L3),HL,A,L,3.222,L,94,S,decreased affinity
1550,-2.8,L93(CDR-L3),HL,A,L,3.222,M,94,S,decreased affinity
1551,-1.61,L93(CDR-L3),HL,A,L,3.222,N,94,S,decreased affinity
1552,-2.05,L93(CDR-L3),HL,A,L,3.222,P,94,S,decreased affinity
1553,-2.0,L93(CDR-L3),HL,A,L,3.222,Q,94,S,decreased affinity
1554,-1.77,L93(CDR-L3),HL,A,L,3.222,R,94,S,decreased affinity
1555,-1.4,L93(CDR-L3),HL,A,L,3.222,T,94,S,decreased affinity
1556,-1.85,L93(CDR-L3),HL,A,L,3.222,V,94,S,decreased affinity
1557,-2.29,L93(CDR-L3),HL,A,L,3.222,W,94,S,decreased affinity
1558,-0.81,L93(CDR-L3),HL,A,L,3.222,Y,94,S,decreased affinity
1559,-0.53,L94(CDR-L3),HL,A,L,2.941,A,95,S,decreased affinity
1560,-0.57,L94(CDR-L3),HL,A,L,2.941,C,95,S,decreased affinity
1561,0.56,L94(CDR-L3),HL,A,L,2.941,D,95,S,increased affinity
1562,1.0,L94(CDR-L3),HL,A,L,2.941,E,95,S,increased affinity
1563,-0.54,L94(CDR-L3),HL,A,L,2.941,F,95,S,decreased affinity
1564,-0.5,L94(CDR-L3),HL,A,L,2.941,G,95,S,decreased affinity
1565,1.19,L94(CDR-L3),HL,A,L,2.941,H,95,S,increased affinity
1566,-0.91,L94(CDR-L3),HL,A,L,2.941,I,95,S,decreased affinity
1567,-1.1,L94(CDR-L3),HL,A,L,2.941,K,95,S,decreased affinity
1568,-0.59,L94(CDR-L3),HL,A,L,2.941,L,95,S,decreased affinity
1569,-0.55,L94(CDR-L3),HL,A,L,2.941,M,95,S,decreased affinity
1570,-0.6,L94(CDR-L3),HL,A,L,2.941,N,95,S,decreased affinity
1571,-0.77,L94(CDR-L3),HL,A,L,2.941,P,95,S,decreased affinity
1572,0.32,L94(CDR-L3),HL,A,L,2.941,Q,95,S,increased affinity
1573,-1.49,L94(CDR-L3),HL,A,L,2.941,R,95,S,decreased affinity
1574,0.1,L94(CDR-L3),HL,A,L,2.941,T,95,S,increased affinity
1575,-0.78,L94(CDR-L3),HL,A,L,2.941,V,95,S,decreased affinity
1576,-0.62,L94(CDR-L3),HL,A,L,2.941,W,95,S,decreased affinity
1577,0.2,L94(CDR-L3),HL,A,L,2.941,Y,95,S,increased affinity
1578,-2.2,L96(CDR-L3),HL,A,L,3.846,A,97,Q,decreased affinity
1579,-1.91,L96(CDR-L3),HL,A,L,3.846,C,97,Q,decreased affinity
1580,0.11,L96(CDR-L3),HL,A,L,3.846,D,97,Q,increased affinity
1581,0.62,L96(CDR-L3),HL,A,L,3.846,E,97,Q,increased affinity
1582,-0.8,L96(CDR-L3),HL,A,L,3.846,F,97,Q,decreased affinity
1583,-2.54,L96(CDR-L3),HL,A,L,3.846,G,97,Q,decreased affinity
1584,-1.89,L96(CDR-L3),HL,A,L,3.846,H,97,Q,decreased affinity
1585,-1.39,L96(CDR-L3),HL,A,L,3.846,I,97,Q,decreased affinity
1586,-1.64,L96(CDR-L3),HL,A,L,3.846,K,97,Q,decreased affinity
1587,-1.16,L96(CDR-L3),HL,A,L,3.846,L,97,Q,decreased affinity
1588,-2.4,L96(CDR-L3),HL,A,L,3.846,M,97,Q,decreased affinity
1589,-0.97,L96(CDR-L3),HL,A,L,3.846,N,97,Q,decreased affinity
1590,-1.84,L96(CDR-L3),HL,A,L,3.846,P,97,Q,decreased affinity
1591,-0.71,L96(CDR-L3),HL,A,L,3.846,R,97,Q,decreased affinity
1592,-1.86,L96(CDR-L3),HL,A,L,3.846,S,97,Q,decreased affinity
1593,-1.45,L96(CDR-L3),HL,A,L,3.846,T,97,Q,decreased affinity
1594,-1.44,L96(CDR-L3),HL,A,L,3.846,V,97,Q,decreased affinity
1595,1.12,L96(CDR-L3),HL,A,L,3.846,W,97,Q,increased affinity
1596,0.37,L96(CDR-L3),HL,A,L,3.846,Y,97,Q,increased affinity
