"Amino.Acid","Code","Hydropathy","Charge"
"Arginine","R","hydrophilic","+"
"Asparagine","N","hydrophilic","N"
"Aspartate","D","hydrophilic","-"
"Glutamate","E","hydrophilic","-"
"Glutamine","Q","hydrophilic","N"
"Lysine","K","hydrophilic","+"
"Serine","S","hydrophilic","N"
"Threonine","T","hydrophilic","N"
"Cysteine","C","moderate","N"
"Histidine","H","moderate","+"
"Methionine","M","moderate","N"
"Alanine","A","hydrophobic","N"
"Valine","V","hydrophobic","N"
"Glycine","G","hydrophobic","N"
"Isoleucine","I","hydrophobic","N"
"Leucine","L","hydrophobic","N"
"Phenylalanine","F","hydrophobic","N"
"Proline","P","hydrophobic","N"
"Tryptophan","W","hydrophobic","N"
"Tyrosine","Y","hydrophobic","N"
